season,date,home_team,away_team,home_goals,away_goals,stage
2000,2001-04-01,Paris Saint-Germain,AC Milan,5,0,Group Stage
2000,2001-04-27,Paris Saint-Germain,Lyon,3,5,Final
2000,2001-02-01,Bayern Munich,Barcelona,1,0,Group Stage
2000,2001-03-13,Chelsea,Bayern Munich,2,3,Quarter-Final
2000,2001-04-13,Benfica,Napoli,4,1,Group Stage
2000,2001-04-10,Napoli,Inter Milan,4,2,Group Stage
2000,2001-03-25,Lyon,Ajax,0,0,Semi-Final
2000,2000-10-27,Arsenal,Manchester City,0,2,Group Stage
2000,2001-03-27,Bayern Munich,Real Madrid,3,1,Quarter-Final
2000,2000-09-29,Chelsea,AC Milan,4,5,Group Stage
2000,2000-11-04,Paris Saint-Germain,Manchester City,0,4,Group Stage
2000,2001-03-08,Borussia Dortmund,Atletico Madrid,3,0,Group Stage
2000,2001-05-06,Sevilla,Napoli,0,5,Final
2000,2001-01-25,Sevilla,Inter Milan,5,4,Round of 16
2000,2001-04-07,AC Milan,Arsenal,4,3,Round of 16
2000,2000-10-19,Arsenal,Borussia Dortmund,2,3,Group Stage
2000,2000-10-22,Bayern Munich,Porto,5,1,Group Stage
2000,2001-04-18,Borussia Dortmund,Tottenham,0,0,Round of 16
2000,2000-09-14,Liverpool,Inter Milan,5,0,Group Stage
2000,2000-12-24,Ajax,Tottenham,1,5,Group Stage
2000,2001-01-05,Napoli,Paris Saint-Germain,0,3,Semi-Final
2000,2001-03-25,Sevilla,Real Madrid,2,2,Group Stage
2000,2000-11-17,Borussia Dortmund,Bayern Munich,4,2,Group Stage
2000,2000-10-17,AC Milan,Arsenal,4,3,Round of 16
2000,2001-03-19,Tottenham,Napoli,0,5,Group Stage
2000,2000-10-18,Sevilla,Inter Milan,1,3,Round of 16
2000,2001-02-27,Tottenham,Porto,0,2,Group Stage
2000,2000-10-06,Liverpool,Sevilla,3,3,Group Stage
2000,2000-10-09,Benfica,Barcelona,4,1,Quarter-Final
2000,2000-10-26,Manchester City,Juventus,0,0,Group Stage
2000,2001-04-01,Atletico Madrid,Chelsea,1,1,Group Stage
2000,2001-01-04,Porto,Paris Saint-Germain,4,3,Group Stage
2000,2001-02-07,Manchester City,Juventus,1,4,Group Stage
2000,2001-04-05,Tottenham,Arsenal,2,3,Quarter-Final
2000,2001-04-20,Napoli,Tottenham,2,5,Group Stage
2000,2000-12-23,Tottenham,Benfica,5,0,Group Stage
2000,2000-12-01,Tottenham,Borussia Dortmund,1,4,Group Stage
2000,2000-11-09,Tottenham,Lyon,0,3,Group Stage
2000,2000-09-11,Barcelona,Manchester City,5,5,Round of 16
2000,2000-10-19,Benfica,Borussia Dortmund,5,0,Group Stage
2000,2000-09-17,AC Milan,Inter Milan,5,5,Group Stage
2000,2000-09-10,AC Milan,Lyon,1,3,Group Stage
2000,2001-01-27,Inter Milan,Real Madrid,2,3,Group Stage
2000,2001-03-22,Sevilla,Barcelona,0,3,Group Stage
2000,2000-10-06,Liverpool,Inter Milan,2,1,Group Stage
2000,2001-03-28,Paris Saint-Germain,Tottenham,1,2,Group Stage
2000,2001-01-24,Ajax,Barcelona,0,5,Round of 16
2000,2001-02-24,Chelsea,Napoli,3,2,Round of 16
2000,2000-11-27,AC Milan,Sevilla,1,4,Group Stage
2000,2000-12-08,Juventus,Barcelona,4,0,Group Stage
2000,2001-03-07,Sevilla,Tottenham,0,1,Group Stage
2000,2001-01-13,Juventus,Tottenham,1,5,Group Stage
2000,2001-01-26,Paris Saint-Germain,Napoli,2,1,Group Stage
2000,2001-05-08,Inter Milan,Borussia Dortmund,5,0,Round of 16
2000,2001-02-23,Bayern Munich,Borussia Dortmund,4,0,Group Stage
2000,2001-01-11,Borussia Dortmund,Napoli,2,1,Group Stage
2000,2001-02-23,Benfica,AC Milan,1,5,Round of 16
2000,2001-01-02,Porto,Paris Saint-Germain,1,5,Group Stage
2000,2000-12-03,Tottenham,Paris Saint-Germain,1,2,Group Stage
2000,2001-01-22,Lyon,Chelsea,0,4,Group Stage
2001,2001-12-17,AC Milan,Atletico Madrid,1,1,Final
2001,2001-09-01,Borussia Dortmund,Arsenal,3,4,Group Stage
2001,2001-12-31,Napoli,Real Madrid,5,0,Quarter-Final
2001,2002-01-06,Porto,Napoli,3,2,Group Stage
2001,2002-04-08,Inter Milan,Manchester City,3,5,Round of 16
2001,2002-01-04,Chelsea,Inter Milan,5,2,Group Stage
2001,2001-10-01,Porto,Manchester City,1,1,Group Stage
2001,2001-11-08,Borussia Dortmund,Porto,3,0,Group Stage
2001,2002-03-28,Paris Saint-Germain,Barcelona,5,2,Group Stage
2001,2002-01-11,Juventus,Tottenham,2,5,Quarter-Final
2001,2001-12-13,Ajax,Juventus,1,2,Group Stage
2001,2002-03-23,Tottenham,Juventus,1,3,Group Stage
2001,2001-09-17,Lyon,Ajax,3,1,Group Stage
2001,2001-09-14,AC Milan,Paris Saint-Germain,1,4,Round of 16
2001,2002-02-25,Napoli,Borussia Dortmund,2,4,Semi-Final
2001,2001-10-01,AC Milan,Juventus,2,4,Group Stage
2001,2001-09-28,Juventus,Porto,5,4,Group Stage
2001,2002-02-10,AC Milan,Tottenham,2,1,Round of 16
2001,2002-04-01,Ajax,AC Milan,0,3,Group Stage
2001,2002-04-15,AC Milan,Napoli,0,0,Group Stage
2001,2002-01-07,Liverpool,Borussia Dortmund,5,1,Round of 16
2001,2001-11-27,Inter Milan,Benfica,4,4,Group Stage
2001,2002-01-26,Inter Milan,Sevilla,4,4,Round of 16
2001,2001-10-21,Juventus,Napoli,3,0,Round of 16
2001,2002-03-13,Arsenal,Paris Saint-Germain,2,5,Quarter-Final
2001,2001-11-23,Tottenham,Paris Saint-Germain,5,1,Semi-Final
2001,2002-04-26,Manchester City,Liverpool,2,1,Round of 16
2001,2001-11-30,Arsenal,Lyon,0,2,Group Stage
2001,2002-04-11,Liverpool,Sevilla,3,5,Round of 16
2001,2002-04-13,Ajax,Juventus,3,0,Group Stage
2001,2002-03-27,Manchester City,Borussia Dortmund,0,3,Semi-Final
2001,2001-11-19,Liverpool,Bayern Munich,5,1,Group Stage
2001,2001-11-02,Borussia Dortmund,Ajax,1,5,Quarter-Final
2001,2002-04-11,Ajax,Lyon,1,1,Group Stage
2001,2001-09-24,AC Milan,Atletico Madrid,5,4,Semi-Final
2001,2001-10-18,Benfica,Lyon,5,4,Group Stage
2001,2001-09-20,Ajax,Porto,4,5,Quarter-Final
2001,2001-11-15,Benfica,Porto,0,0,Group Stage
2001,2001-12-02,AC Milan,Paris Saint-Germain,3,1,Group Stage
2001,2002-03-20,Atletico Madrid,Bayern Munich,4,2,Group Stage
2001,2002-02-22,Juventus,Benfica,0,2,Group Stage
2001,2002-01-29,Manchester City,Benfica,0,3,Group Stage
2001,2001-10-22,Sevilla,Benfica,0,2,Group Stage
2001,2001-10-08,Lyon,AC Milan,3,4,Quarter-Final
2001,2002-01-05,Real Madrid,Napoli,1,5,Group Stage
2001,2002-01-21,Juventus,Benfica,5,2,Round of 16
2001,2002-02-14,AC Milan,Tottenham,4,5,Quarter-Final
2001,2001-09-01,Napoli,Bayern Munich,2,5,Group Stage
2001,2001-10-15,Lyon,Porto,2,4,Group Stage
2001,2002-01-25,AC Milan,Manchester City,2,4,Semi-Final
2001,2001-12-17,Arsenal,Napoli,0,5,Group Stage
2001,2002-03-30,Juventus,Tottenham,3,2,Group Stage
2001,2001-11-10,Juventus,AC Milan,1,5,Group Stage
2001,2002-05-03,Porto,Atletico Madrid,5,5,Group Stage
2001,2002-04-16,AC Milan,Tottenham,4,0,Group Stage
2001,2001-12-09,Tottenham,Bayern Munich,3,0,Group Stage
2001,2002-01-05,Benfica,Manchester City,2,1,Quarter-Final
2001,2001-10-24,Chelsea,Ajax,3,1,Group Stage
2001,2002-01-07,Lyon,AC Milan,5,3,Group Stage
2001,2001-09-19,Bayern Munich,Inter Milan,2,3,Group Stage
2002,2003-01-27,Benfica,Napoli,0,1,Group Stage
2002,2002-12-29,Tottenham,Atletico Madrid,4,0,Group Stage
2002,2002-10-24,Bayern Munich,Sevilla,3,2,Group Stage
2002,2002-11-08,Porto,Real Madrid,5,0,Group Stage
2002,2003-01-16,Borussia Dortmund,AC Milan,4,5,Group Stage
2002,2003-01-15,Atletico Madrid,Barcelona,5,5,Group Stage
2002,2002-10-01,Paris Saint-Germain,Borussia Dortmund,1,4,Group Stage
2002,2002-10-26,Sevilla,Lyon,3,3,Semi-Final
2002,2002-09-05,Borussia Dortmund,Paris Saint-Germain,0,4,Group Stage
2002,2003-05-02,Atletico Madrid,Lyon,5,5,Group Stage
2002,2003-03-12,Napoli,Chelsea,2,1,Group Stage
2002,2003-04-08,Borussia Dortmund,Sevilla,4,2,Group Stage
2002,2002-12-27,Paris Saint-Germain,Napoli,0,3,Group Stage
2002,2003-02-25,Paris Saint-Germain,Porto,5,1,Group Stage
2002,2003-02-04,Juventus,Benfica,1,3,Quarter-Final
2002,2003-01-12,Lyon,Chelsea,2,5,Quarter-Final
2002,2002-12-01,Arsenal,Inter Milan,0,5,Group Stage
2002,2002-10-18,Porto,Liverpool,4,4,Group Stage
2002,2003-05-06,Chelsea,Paris Saint-Germain,1,0,Round of 16
2002,2003-01-25,Sevilla,Tottenham,4,3,Round of 16
2002,2003-02-20,Paris Saint-Germain,Bayern Munich,3,2,Group Stage
2002,2002-09-29,Porto,Borussia Dortmund,0,1,Group Stage
2002,2003-02-23,Atletico Madrid,Ajax,3,1,Group Stage
2002,2002-09-18,Sevilla,AC Milan,0,3,Group Stage
2002,2002-10-19,Paris Saint-Germain,Benfica,0,3,Group Stage
2002,2003-01-24,Manchester City,Napoli,0,0,Group Stage
2002,2002-12-28,Arsenal,Real Madrid,3,0,Group Stage
2002,2002-09-29,Barcelona,Tottenham,1,2,Group Stage
2002,2002-10-08,Real Madrid,Liverpool,3,5,Group Stage
2002,2003-02-01,AC Milan,Inter Milan,2,2,Group Stage
2002,2002-11-20,AC Milan,Atletico Madrid,2,1,Group Stage
2002,2003-02-28,Napoli,Lyon,3,1,Group Stage
2002,2002-10-14,Real Madrid,Tottenham,2,4,Group Stage
2002,2002-09-20,Paris Saint-Germain,Arsenal,5,3,Group Stage
2002,2003-04-13,Barcelona,Atletico Madrid,1,1,Group Stage
2002,2002-11-10,Ajax,Manchester City,4,0,Group Stage
2002,2003-02-28,Lyon,Ajax,0,2,Group Stage
2002,2003-04-20,Arsenal,Bayern Munich,3,1,Round of 16
2002,2003-02-21,Tottenham,Atletico Madrid,2,3,Round of 16
2002,2002-09-08,Atletico Madrid,Barcelona,2,2,Final
2002,2002-09-04,Liverpool,Paris Saint-Germain,1,1,Group Stage
2002,2003-05-06,Borussia Dortmund,Bayern Munich,5,3,Group Stage
2002,2003-02-09,AC Milan,Atletico Madrid,0,3,Round of 16
2002,2003-03-14,Borussia Dortmund,Manchester City,1,2,Group Stage
2002,2002-09-28,AC Milan,Sevilla,5,1,Quarter-Final
2002,2003-04-12,Liverpool,Chelsea,2,1,Group Stage
2002,2003-01-30,Bayern Munich,Inter Milan,1,0,Group Stage
2002,2002-11-28,Juventus,Tottenham,0,1,Quarter-Final
2002,2002-10-12,Chelsea,Real Madrid,5,2,Round of 16
2002,2003-04-20,Bayern Munich,Arsenal,4,3,Group Stage
2002,2003-02-23,Porto,Tottenham,5,4,Group Stage
2002,2003-04-30,Manchester City,Inter Milan,1,1,Group Stage
2002,2002-11-19,Tottenham,Paris Saint-Germain,3,2,Quarter-Final
2002,2003-03-16,Arsenal,Benfica,5,1,Round of 16
2002,2003-01-15,Napoli,Barcelona,1,5,Quarter-Final
2002,2003-03-07,Atletico Madrid,Borussia Dortmund,3,0,Group Stage
2002,2002-12-20,Barcelona,Atletico Madrid,2,0,Group Stage
2002,2003-02-28,Barcelona,Porto,0,3,Quarter-Final
2002,2002-12-29,Porto,Chelsea,4,0,Quarter-Final
2002,2003-02-27,Liverpool,Borussia Dortmund,1,2,Group Stage
2003,2004-01-18,Manchester City,Chelsea,2,5,Group Stage
2003,2004-02-03,Sevilla,Lyon,1,2,Group Stage
2003,2004-03-26,Porto,AC Milan,2,0,Quarter-Final
2003,2003-09-25,Paris Saint-Germain,Ajax,1,3,Semi-Final
2003,2004-02-26,Borussia Dortmund,Bayern Munich,5,4,Group Stage
2003,2003-12-16,Arsenal,Juventus,1,3,Group Stage
2003,2003-11-18,Napoli,Real Madrid,0,0,Group Stage
2003,2004-04-27,Juventus,Ajax,4,2,Group Stage
2003,2004-03-02,Manchester City,Tottenham,0,4,Round of 16
2003,2004-01-24,Borussia Dortmund,Chelsea,4,2,Group Stage
2003,2003-11-06,Ajax,Manchester City,1,2,Round of 16
2003,2003-12-21,AC Milan,Paris Saint-Germain,4,3,Group Stage
2003,2003-10-30,Lyon,Liverpool,2,3,Quarter-Final
2003,2004-04-29,Juventus,Arsenal,4,1,Group Stage
2003,2004-03-01,Real Madrid,Sevilla,3,1,Group Stage
2003,2003-10-21,Chelsea,Porto,1,2,Group Stage
2003,2003-10-02,Sevilla,Barcelona,2,2,Group Stage
2003,2004-04-17,Arsenal,Paris Saint-Germain,2,1,Group Stage
2003,2003-12-29,Manchester City,Inter Milan,3,5,Quarter-Final
2003,2003-10-28,Paris Saint-Germain,Juventus,1,1,Group Stage
2003,2003-09-23,Chelsea,Bayern Munich,0,0,Group Stage
2003,2004-05-06,AC Milan,Porto,4,3,Group Stage
2003,2003-11-16,Arsenal,Barcelona,0,4,Group Stage
2003,2004-04-30,Real Madrid,Porto,2,5,Group Stage
2003,2004-04-25,Benfica,Inter Milan,0,3,Group Stage
2003,2004-03-25,Manchester City,Real Madrid,5,4,Round of 16
2003,2004-04-22,Borussia Dortmund,Chelsea,2,1,Semi-Final
2003,2003-09-18,Borussia Dortmund,Ajax,4,0,Group Stage
2003,2004-04-29,Real Madrid,Liverpool,0,2,Group Stage
2003,2004-01-09,Real Madrid,Napoli,3,1,Group Stage
2003,2004-02-13,Tottenham,AC Milan,0,0,Group Stage
2003,2004-02-27,Paris Saint-Germain,Bayern Munich,3,3,Group Stage
2003,2003-10-07,Bayern Munich,Napoli,0,2,Group Stage
2003,2004-04-23,Arsenal,Sevilla,2,3,Group Stage
2003,2004-04-11,Juventus,Barcelona,0,2,Semi-Final
2003,2003-11-04,Sevilla,Barcelona,5,1,Group Stage
2003,2003-12-04,AC Milan,Barcelona,3,3,Group Stage
2003,2003-09-06,Juventus,AC Milan,4,1,Group Stage
2003,2003-11-17,Lyon,Juventus,0,4,Round of 16
2003,2004-03-17,Juventus,Ajax,2,4,Semi-Final
2003,2004-01-22,Ajax,Sevilla,5,2,Quarter-Final
2003,2004-05-04,Chelsea,Real Madrid,0,4,Group Stage
2003,2004-04-28,Tottenham,Real Madrid,3,3,Group Stage
2003,2004-01-20,Ajax,Napoli,3,4,Group Stage
2003,2004-03-01,Bayern Munich,AC Milan,2,3,Group Stage
2003,2003-10-01,Sevilla,Inter Milan,5,3,Semi-Final
2003,2004-04-25,Ajax,Arsenal,1,4,Round of 16
2003,2003-09-08,Arsenal,Ajax,0,4,Group Stage
2003,2003-10-24,Paris Saint-Germain,AC Milan,5,2,Group Stage
2003,2003-11-11,Liverpool,AC Milan,0,1,Group Stage
2003,2004-02-25,Juventus,Barcelona,4,4,Group Stage
2003,2003-10-29,Tottenham,Inter Milan,0,2,Group Stage
2003,2003-09-02,Lyon,Porto,0,1,Group Stage
2003,2004-01-06,Manchester City,Paris Saint-Germain,0,3,Final
2003,2004-02-08,Real Madrid,Tottenham,5,0,Group Stage
2003,2003-11-05,Benfica,Napoli,0,4,Group Stage
2003,2004-04-02,Juventus,Real Madrid,3,1,Group Stage
2003,2004-01-12,Real Madrid,Inter Milan,5,2,Group Stage
2003,2004-03-17,Ajax,Benfica,3,2,Group Stage
2003,2003-11-27,Tottenham,Bayern Munich,0,2,Group Stage
2004,2005-02-06,Manchester City,Bayern Munich,0,0,Round of 16
2004,2005-02-15,Sevilla,AC Milan,0,0,Group Stage
2004,2004-09-16,Sevilla,Borussia Dortmund,3,4,Quarter-Final
2004,2005-03-23,Atletico Madrid,Manchester City,2,5,Group Stage
2004,2005-02-24,Sevilla,Ajax,4,3,Group Stage
2004,2005-02-12,Sevilla,Ajax,5,3,Group Stage
2004,2005-01-27,Atletico Madrid,Paris Saint-Germain,5,5,Round of 16
2004,2004-10-19,Juventus,Porto,5,3,Group Stage
2004,2004-10-09,Porto,Juventus,4,2,Quarter-Final
2004,2004-09-21,Ajax,Barcelona,1,0,Group Stage
2004,2004-10-20,Inter Milan,Porto,5,0,Group Stage
2004,2005-03-06,Lyon,Atletico Madrid,2,2,Group Stage
2004,2005-01-18,Atletico Madrid,Liverpool,4,0,Round of 16
2004,2005-01-01,Inter Milan,Chelsea,4,1,Group Stage
2004,2004-12-17,Bayern Munich,Chelsea,5,0,Group Stage
2004,2004-09-13,Napoli,AC Milan,1,1,Group Stage
2004,2005-01-16,Atletico Madrid,Benfica,5,3,Group Stage
2004,2004-12-12,Juventus,AC Milan,2,4,Group Stage
2004,2005-02-14,Inter Milan,Chelsea,5,5,Group Stage
2004,2005-03-17,Borussia Dortmund,Porto,0,2,Round of 16
2004,2005-03-10,Porto,Benfica,0,4,Group Stage
2004,2004-12-24,Paris Saint-Germain,Chelsea,1,3,Quarter-Final
2004,2005-01-23,AC Milan,Lyon,1,3,Group Stage
2004,2004-11-28,Benfica,Arsenal,2,4,Group Stage
2004,2004-10-29,AC Milan,Manchester City,2,1,Group Stage
2004,2004-10-09,AC Milan,Inter Milan,3,5,Group Stage
2004,2004-10-02,Inter Milan,Liverpool,3,2,Group Stage
2004,2004-12-20,Real Madrid,Bayern Munich,2,2,Group Stage
2004,2004-09-01,Tottenham,Inter Milan,1,4,Group Stage
2004,2005-04-28,Juventus,Lyon,2,2,Semi-Final
2004,2005-01-19,Benfica,Paris Saint-Germain,5,5,Group Stage
2004,2004-09-05,Manchester City,Tottenham,0,5,Group Stage
2004,2004-12-24,AC Milan,Juventus,4,5,Round of 16
2004,2004-09-08,Benfica,Real Madrid,3,0,Quarter-Final
2004,2005-01-10,Atletico Madrid,Arsenal,4,1,Group Stage
2004,2004-10-27,Ajax,Juventus,5,2,Group Stage
2004,2005-03-28,Ajax,Arsenal,3,0,Round of 16
2004,2005-02-03,Juventus,AC Milan,0,5,Group Stage
2004,2005-01-01,Sevilla,Inter Milan,2,2,Group Stage
2004,2004-10-14,Napoli,Bayern Munich,4,3,Group Stage
2004,2005-03-26,Liverpool,Barcelona,0,3,Group Stage
2004,2004-11-04,Inter Milan,Paris Saint-Germain,0,0,Group Stage
2004,2005-01-18,Porto,Tottenham,3,2,Group Stage
2004,2004-11-22,Paris Saint-Germain,Chelsea,5,0,Group Stage
2004,2005-04-15,Porto,Manchester City,0,2,Round of 16
2004,2004-12-15,Napoli,Juventus,2,5,Group Stage
2004,2004-11-07,Napoli,Tottenham,1,4,Group Stage
2004,2005-02-24,Benfica,Bayern Munich,4,3,Group Stage
2004,2004-11-22,Atletico Madrid,Bayern Munich,0,1,Group Stage
2004,2005-03-27,Manchester City,Arsenal,2,3,Group Stage
2004,2004-09-09,Barcelona,Inter Milan,4,1,Group Stage
2004,2005-01-24,Lyon,Tottenham,5,0,Group Stage
2004,2005-04-13,Inter Milan,Borussia Dortmund,4,3,Group Stage
2004,2005-02-20,Ajax,Benfica,5,0,Group Stage
2004,2004-11-19,Atletico Madrid,Lyon,5,5,Group Stage
2004,2004-10-13,Lyon,Porto,3,4,Group Stage
2004,2005-03-12,Atletico Madrid,Tottenham,1,2,Group Stage
2004,2005-01-18,Bayern Munich,Sevilla,3,2,Round of 16
2004,2005-02-08,Paris Saint-Germain,Benfica,3,0,Group Stage
2004,2005-01-28,Inter Milan,Atletico Madrid,4,5,Group Stage
2005,2006-03-18,Liverpool,Tottenham,2,4,Group Stage
2005,2005-11-29,Borussia Dortmund,Inter Milan,1,5,Group Stage
2005,2006-03-24,Lyon,Inter Milan,5,4,Group Stage
2005,2005-10-14,Bayern Munich,Inter Milan,4,1,Round of 16
2005,2005-10-25,Liverpool,AC Milan,5,1,Group Stage
2005,2006-03-24,Tottenham,Paris Saint-Germain,1,5,Group Stage
2005,2006-02-12,Lyon,Napoli,1,4,Quarter-Final
2005,2006-01-26,Juventus,Liverpool,1,3,Group Stage
2005,2005-09-28,Atletico Madrid,Ajax,0,2,Group Stage
2005,2005-09-28,Inter Milan,Benfica,5,5,Group Stage
2005,2006-01-21,Napoli,Barcelona,0,3,Group Stage
2005,2006-01-22,Bayern Munich,Barcelona,1,4,Quarter-Final
2005,2005-10-13,Paris Saint-Germain,AC Milan,4,5,Round of 16
2005,2006-04-03,Ajax,Borussia Dortmund,3,2,Group Stage
2005,2006-01-16,Manchester City,Napoli,3,0,Group Stage
2005,2005-10-09,Benfica,AC Milan,4,1,Group Stage
2005,2006-05-05,Tottenham,Atletico Madrid,3,0,Group Stage
2005,2005-09-11,Liverpool,Atletico Madrid,2,1,Round of 16
2005,2005-12-23,Barcelona,Sevilla,0,0,Round of 16
2005,2006-02-06,Porto,Ajax,3,3,Semi-Final
2005,2005-12-04,Napoli,Sevilla,2,5,Group Stage
2005,2005-12-31,Benfica,Barcelona,5,0,Round of 16
2005,2005-11-27,Inter Milan,Paris Saint-Germain,3,5,Group Stage
2005,2005-09-05,Manchester City,Barcelona,0,4,Group Stage
2005,2006-04-14,Lyon,Paris Saint-Germain,5,5,Group Stage
2005,2005-12-19,Lyon,Napoli,4,0,Group Stage
2005,2005-09-22,Benfica,Borussia Dortmund,0,0,Group Stage
2005,2006-04-27,Lyon,Benfica,3,0,Round of 16
2005,2006-05-09,Paris Saint-Germain,Porto,3,0,Group Stage
2005,2005-09-24,Ajax,Liverpool,2,0,Group Stage
2005,2005-12-17,Arsenal,Atletico Madrid,4,0,Group Stage
2005,2005-10-29,Sevilla,Benfica,5,4,Quarter-Final
2005,2006-04-24,Barcelona,Borussia Dortmund,1,5,Group Stage
2005,2005-10-21,Borussia Dortmund,Atletico Madrid,0,3,Group Stage
2005,2005-10-13,Inter Milan,Ajax,0,3,Round of 16
2005,2006-02-12,Liverpool,Porto,4,3,Group Stage
2005,2005-10-06,Porto,Barcelona,3,1,Group Stage
2005,2005-10-28,Benfica,Lyon,0,4,Group Stage
2005,2006-02-18,Ajax,Atletico Madrid,0,2,Group Stage
2005,2005-12-18,Barcelona,Inter Milan,4,3,Group Stage
2005,2006-04-27,Borussia Dortmund,Liverpool,4,1,Group Stage
2005,2006-01-26,Benfica,Sevilla,0,1,Group Stage
2005,2006-01-19,Sevilla,Barcelona,1,2,Semi-Final
2005,2006-01-19,Liverpool,Inter Milan,3,4,Group Stage
2005,2005-12-06,Bayern Munich,Barcelona,1,1,Group Stage
2005,2006-02-21,Inter Milan,Lyon,1,0,Group Stage
2005,2005-11-05,Bayern Munich,Juventus,3,0,Group Stage
2005,2006-01-22,Arsenal,Manchester City,3,0,Group Stage
2005,2005-11-17,Inter Milan,Tottenham,5,0,Group Stage
2005,2005-10-22,Bayern Munich,Manchester City,3,4,Round of 16
2005,2005-10-25,AC Milan,Liverpool,5,1,Group Stage
2005,2006-04-12,Napoli,Ajax,3,5,Group Stage
2005,2005-10-10,Atletico Madrid,Inter Milan,4,1,Quarter-Final
2005,2005-12-27,Napoli,Paris Saint-Germain,3,5,Group Stage
2005,2006-04-18,Liverpool,Barcelona,1,1,Group Stage
2005,2005-10-26,Lyon,AC Milan,5,4,Group Stage
2005,2006-01-03,Manchester City,Atletico Madrid,4,3,Group Stage
2005,2006-03-17,Ajax,Barcelona,1,5,Group Stage
2005,2005-10-09,Bayern Munich,Ajax,0,5,Group Stage
2005,2006-02-17,Benfica,Juventus,3,3,Group Stage
2006,2006-12-10,Benfica,Sevilla,0,5,Group Stage
2006,2007-03-08,Liverpool,Sevilla,5,3,Round of 16
2006,2007-04-11,Juventus,Liverpool,1,4,Group Stage
2006,2006-10-12,Paris Saint-Germain,Chelsea,3,3,Round of 16
2006,2006-11-28,Inter Milan,AC Milan,5,4,Semi-Final
2006,2007-02-26,Porto,Napoli,2,3,Group Stage
2006,2006-11-19,Liverpool,Chelsea,3,4,Group Stage
2006,2006-11-20,Sevilla,Porto,1,0,Group Stage
2006,2007-03-11,Sevilla,Barcelona,5,2,Group Stage
2006,2006-10-21,Barcelona,Chelsea,2,2,Group Stage
2006,2006-10-26,Juventus,Sevilla,3,1,Group Stage
2006,2006-11-18,Paris Saint-Germain,Ajax,5,5,Group Stage
2006,2007-02-28,Porto,Arsenal,5,5,Group Stage
2006,2007-02-14,Bayern Munich,Napoli,0,1,Group Stage
2006,2007-04-06,Liverpool,Tottenham,0,1,Final
2006,2006-12-14,Bayern Munich,Napoli,4,2,Group Stage
2006,2006-12-14,Juventus,Manchester City,3,1,Group Stage
2006,2006-10-15,Sevilla,Juventus,2,1,Group Stage
2006,2007-01-27,AC Milan,Chelsea,3,4,Semi-Final
2006,2006-09-16,Napoli,AC Milan,3,4,Group Stage
2006,2006-09-24,Juventus,Chelsea,4,4,Group Stage
2006,2007-01-05,Atletico Madrid,Porto,5,2,Group Stage
2006,2006-09-05,Lyon,Paris Saint-Germain,1,4,Group Stage
2006,2007-03-11,Borussia Dortmund,Porto,4,2,Quarter-Final
2006,2007-03-19,Barcelona,Arsenal,4,3,Group Stage
2006,2006-10-04,Liverpool,Bayern Munich,1,3,Semi-Final
2006,2007-02-18,Arsenal,Manchester City,3,3,Quarter-Final
2006,2006-10-17,Atletico Madrid,Tottenham,5,5,Round of 16
2006,2006-12-17,Arsenal,Paris Saint-Germain,2,5,Round of 16
2006,2006-12-20,Inter Milan,Lyon,5,1,Round of 16
2006,2006-09-22,Manchester City,Inter Milan,4,2,Group Stage
2006,2007-02-14,Arsenal,Inter Milan,4,1,Round of 16
2006,2006-12-18,AC Milan,Porto,0,0,Quarter-Final
2006,2006-12-27,Ajax,Manchester City,0,4,Group Stage
2006,2006-09-03,Inter Milan,Manchester City,2,1,Group Stage
2006,2007-03-12,Porto,Tottenham,3,1,Group Stage
2006,2007-01-14,Chelsea,Napoli,3,3,Round of 16
2006,2007-03-08,Atletico Madrid,Napoli,3,0,Group Stage
2006,2006-10-18,Chelsea,Lyon,0,2,Group Stage
2006,2007-05-02,AC Milan,Manchester City,2,3,Group Stage
2006,2006-10-02,Tottenham,Ajax,0,1,Round of 16
2006,2006-09-25,Borussia Dortmund,Sevilla,0,2,Quarter-Final
2006,2006-12-08,Bayern Munich,Paris Saint-Germain,2,5,Semi-Final
2006,2006-09-18,Inter Milan,Napoli,5,3,Group Stage
2006,2007-03-10,Atletico Madrid,AC Milan,1,2,Round of 16
2006,2007-03-16,Atletico Madrid,Borussia Dortmund,2,3,Group Stage
2006,2007-04-29,Manchester City,Lyon,5,2,Group Stage
2006,2007-02-01,Bayern Munich,Inter Milan,3,0,Group Stage
2006,2006-12-07,Benfica,Manchester City,0,0,Group Stage
2006,2007-03-14,Arsenal,AC Milan,3,0,Round of 16
2006,2007-05-06,Lyon,Bayern Munich,4,2,Round of 16
2006,2007-02-05,Arsenal,Porto,0,4,Group Stage
2006,2006-10-02,Liverpool,Arsenal,5,4,Group Stage
2006,2007-02-03,Sevilla,Juventus,2,4,Group Stage
2006,2007-01-03,Napoli,Benfica,1,0,Group Stage
2006,2007-01-14,Borussia Dortmund,Chelsea,0,5,Group Stage
2006,2007-03-02,Lyon,Porto,0,5,Group Stage
2006,2007-04-18,Inter Milan,Sevilla,4,3,Group Stage
2006,2007-01-18,Lyon,Atletico Madrid,1,4,Semi-Final
2006,2007-04-06,Borussia Dortmund,Chelsea,2,0,Final
2007,2008-04-14,Chelsea,Manchester City,2,0,Group Stage
2007,2007-11-22,Liverpool,Sevilla,3,5,Round of 16
2007,2007-09-22,Napoli,Paris Saint-Germain,2,3,Group Stage
2007,2008-02-08,Barcelona,Ajax,0,2,Group Stage
2007,2007-10-28,Chelsea,Barcelona,1,5,Round of 16
2007,2008-04-16,Liverpool,Napoli,4,1,Round of 16
2007,2007-10-10,Arsenal,Bayern Munich,5,4,Group Stage
2007,2008-02-23,Atletico Madrid,Paris Saint-Germain,5,5,Round of 16
2007,2008-04-01,Napoli,AC Milan,3,2,Group Stage
2007,2007-11-09,Inter Milan,Sevilla,3,3,Group Stage
2007,2008-03-06,Sevilla,Napoli,4,2,Group Stage
2007,2007-10-07,Napoli,Benfica,3,4,Group Stage
2007,2007-12-14,Porto,Real Madrid,5,1,Quarter-Final
2007,2007-10-04,Juventus,Real Madrid,4,3,Quarter-Final
2007,2008-04-23,Chelsea,Manchester City,4,1,Group Stage
2007,2008-02-21,Napoli,Porto,2,3,Group Stage
2007,2007-09-30,Paris Saint-Germain,Sevilla,1,1,Round of 16
2007,2008-04-27,Atletico Madrid,Inter Milan,4,2,Group Stage
2007,2008-04-16,Borussia Dortmund,Arsenal,4,5,Group Stage
2007,2008-01-29,Paris Saint-Germain,Borussia Dortmund,1,0,Quarter-Final
2007,2007-12-23,Inter Milan,Ajax,2,0,Group Stage
2007,2008-05-04,Real Madrid,Borussia Dortmund,0,1,Round of 16
2007,2007-09-04,Sevilla,Arsenal,5,1,Final
2007,2007-09-14,Liverpool,Tottenham,4,2,Semi-Final
2007,2008-05-08,Inter Milan,Lyon,3,2,Round of 16
2007,2007-12-12,Ajax,Chelsea,3,5,Round of 16
2007,2007-11-28,Paris Saint-Germain,Bayern Munich,2,4,Group Stage
2007,2007-10-15,Barcelona,Napoli,0,5,Group Stage
2007,2007-09-10,Lyon,Manchester City,5,5,Group Stage
2007,2008-01-04,Arsenal,Liverpool,2,2,Group Stage
2007,2008-03-10,Tottenham,Inter Milan,1,4,Group Stage
2007,2007-12-30,Manchester City,Benfica,2,4,Semi-Final
2007,2008-03-29,Inter Milan,Barcelona,4,3,Group Stage
2007,2007-09-28,AC Milan,Benfica,0,3,Round of 16
2007,2008-03-19,Benfica,AC Milan,3,0,Round of 16
2007,2008-05-04,Porto,Bayern Munich,0,1,Group Stage
2007,2008-03-16,Chelsea,Lyon,1,4,Group Stage
2007,2008-01-18,Benfica,Chelsea,1,1,Group Stage
2007,2008-04-06,Barcelona,Porto,5,4,Group Stage
2007,2008-02-15,Porto,Atletico Madrid,4,5,Group Stage
2007,2007-12-16,Manchester City,Real Madrid,2,2,Group Stage
2007,2007-09-02,Ajax,Paris Saint-Germain,4,2,Group Stage
2007,2007-11-11,Benfica,Arsenal,4,1,Group Stage
2007,2008-04-17,Borussia Dortmund,Paris Saint-Germain,1,4,Group Stage
2007,2007-09-20,Manchester City,Inter Milan,1,3,Group Stage
2007,2008-03-04,AC Milan,Porto,0,1,Round of 16
2007,2007-12-02,Juventus,Benfica,3,5,Group Stage
2007,2008-01-14,Atletico Madrid,Porto,3,3,Group Stage
2007,2008-01-18,Chelsea,Manchester City,0,2,Round of 16
2007,2007-11-28,Sevilla,Inter Milan,0,1,Group Stage
2007,2007-09-27,Paris Saint-Germain,Juventus,2,3,Round of 16
2007,2007-09-29,Sevilla,Lyon,3,2,Group Stage
2007,2008-05-03,Benfica,Sevilla,4,2,Final
2007,2007-10-30,AC Milan,Ajax,1,5,Group Stage
2007,2008-02-13,Tottenham,Juventus,2,3,Quarter-Final
2007,2007-09-05,Lyon,Benfica,5,0,Round of 16
2007,2008-02-09,Atletico Madrid,Barcelona,0,0,Group Stage
2007,2007-12-31,Napoli,Porto,3,4,Group Stage
2007,2007-10-10,Real Madrid,Bayern Munich,0,5,Group Stage
2007,2007-10-22,Benfica,Atletico Madrid,5,0,Group Stage
2008,2008-09-02,Chelsea,Bayern Munich,1,0,Group Stage
2008,2009-01-21,Atletico Madrid,Bayern Munich,5,3,Group Stage
2008,2009-04-17,Arsenal,Real Madrid,0,3,Round of 16
2008,2009-01-13,Chelsea,Benfica,2,1,Group Stage
2008,2009-03-29,Napoli,Ajax,1,0,Group Stage
2008,2008-09-23,Borussia Dortmund,Paris Saint-Germain,2,2,Group Stage
2008,2008-09-24,AC Milan,Ajax,1,3,Round of 16
2008,2008-11-12,Benfica,Arsenal,5,4,Semi-Final
2008,2009-01-14,Sevilla,Manchester City,3,5,Group Stage
2008,2008-09-22,Borussia Dortmund,Lyon,1,4,Group Stage
2008,2008-12-23,AC Milan,Atletico Madrid,3,3,Round of 16
2008,2008-10-23,Lyon,Sevilla,0,3,Round of 16
2008,2009-03-27,Barcelona,Napoli,1,4,Round of 16
2008,2009-02-14,Ajax,Juventus,3,4,Group Stage
2008,2008-12-19,Benfica,AC Milan,0,3,Round of 16
2008,2008-10-29,Sevilla,AC Milan,1,5,Group Stage
2008,2008-10-19,Borussia Dortmund,Benfica,3,2,Group Stage
2008,2009-02-26,Sevilla,Paris Saint-Germain,3,1,Final
2008,2008-10-07,Porto,Borussia Dortmund,4,3,Group Stage
2008,2008-11-14,Benfica,AC Milan,3,0,Round of 16
2008,2008-11-11,Benfica,Inter Milan,2,5,Group Stage
2008,2009-04-30,Ajax,Paris Saint-Germain,5,1,Round of 16
2008,2008-11-08,Barcelona,Porto,0,1,Final
2008,2008-11-05,Atletico Madrid,Lyon,1,1,Group Stage
2008,2009-01-07,Barcelona,Paris Saint-Germain,3,1,Final
2008,2009-04-04,Liverpool,Paris Saint-Germain,4,0,Group Stage
2008,2008-11-16,Benfica,Chelsea,2,5,Group Stage
2008,2009-05-07,Chelsea,Borussia Dortmund,3,0,Semi-Final
2008,2008-12-23,Benfica,Arsenal,0,2,Group Stage
2008,2009-02-15,Tottenham,Paris Saint-Germain,5,4,Group Stage
2008,2008-10-27,Liverpool,Lyon,5,5,Round of 16
2008,2008-09-14,Napoli,Barcelona,5,1,Group Stage
2008,2009-01-15,Bayern Munich,Lyon,2,1,Group Stage
2008,2009-03-31,Ajax,Real Madrid,5,4,Group Stage
2008,2009-03-06,Arsenal,Lyon,2,2,Group Stage
2008,2009-03-23,Paris Saint-Germain,AC Milan,0,4,Quarter-Final
2008,2008-11-10,Liverpool,Manchester City,2,1,Semi-Final
2008,2008-11-19,Manchester City,Atletico Madrid,1,2,Group Stage
2008,2009-04-27,Sevilla,Porto,0,1,Group Stage
2008,2009-04-16,Juventus,Benfica,3,5,Group Stage
2008,2008-10-25,Tottenham,Napoli,5,4,Group Stage
2008,2009-01-20,Porto,Arsenal,4,4,Round of 16
2008,2008-10-17,Arsenal,Bayern Munich,0,2,Group Stage
2008,2009-01-01,Porto,Sevilla,5,3,Group Stage
2008,2009-02-01,Paris Saint-Germain,Lyon,2,0,Quarter-Final
2008,2009-04-05,Atletico Madrid,Ajax,5,4,Group Stage
2008,2009-01-30,Ajax,Chelsea,3,3,Group Stage
2008,2008-09-07,Inter Milan,Porto,1,1,Group Stage
2008,2008-09-04,Benfica,Sevilla,3,4,Group Stage
2008,2008-09-03,Tottenham,Real Madrid,5,1,Group Stage
2008,2008-11-06,Ajax,Real Madrid,4,1,Group Stage
2008,2008-11-18,Inter Milan,Benfica,1,0,Group Stage
2008,2008-12-21,Atletico Madrid,Ajax,5,1,Group Stage
2008,2008-11-20,Manchester City,Lyon,3,0,Group Stage
2008,2009-01-02,Barcelona,Benfica,2,3,Group Stage
2008,2008-12-12,Liverpool,Sevilla,5,3,Group Stage
2008,2009-04-11,Juventus,Arsenal,3,4,Quarter-Final
2008,2009-03-16,Real Madrid,Barcelona,2,2,Group Stage
2008,2008-11-17,Porto,Chelsea,2,0,Group Stage
2008,2008-10-23,Porto,Borussia Dortmund,4,1,Semi-Final
2009,2009-10-10,Sevilla,Porto,4,1,Group Stage
2009,2009-11-06,Sevilla,Porto,5,3,Quarter-Final
2009,2009-12-12,Tottenham,AC Milan,1,4,Group Stage
2009,2009-09-12,Sevilla,Manchester City,1,4,Quarter-Final
2009,2009-10-25,Benfica,Napoli,1,3,Round of 16
2009,2010-01-03,Lyon,Sevilla,0,4,Group Stage
2009,2010-03-12,Bayern Munich,Sevilla,4,0,Group Stage
2009,2010-03-15,Benfica,Paris Saint-Germain,4,5,Group Stage
2009,2009-09-21,Liverpool,Borussia Dortmund,5,0,Group Stage
2009,2009-09-02,Napoli,Atletico Madrid,1,0,Quarter-Final
2009,2010-01-12,Tottenham,Sevilla,2,1,Group Stage
2009,2009-10-12,Atletico Madrid,Juventus,2,4,Group Stage
2009,2010-04-29,Paris Saint-Germain,Manchester City,3,0,Group Stage
2009,2010-04-29,Bayern Munich,Inter Milan,0,1,Group Stage
2009,2010-01-21,Chelsea,Paris Saint-Germain,4,5,Group Stage
2009,2009-11-07,Borussia Dortmund,Barcelona,4,1,Round of 16
2009,2009-12-18,Benfica,AC Milan,3,4,Group Stage
2009,2010-04-23,Napoli,Liverpool,5,4,Group Stage
2009,2010-02-02,Borussia Dortmund,Juventus,1,1,Group Stage
2009,2009-12-07,AC Milan,Manchester City,5,2,Group Stage
2009,2010-01-28,Arsenal,AC Milan,4,2,Group Stage
2009,2010-03-25,Paris Saint-Germain,Chelsea,1,5,Group Stage
2009,2009-10-11,Liverpool,Barcelona,5,1,Round of 16
2009,2010-03-31,Atletico Madrid,Bayern Munich,1,2,Round of 16
2009,2010-05-05,Sevilla,Lyon,4,2,Group Stage
2009,2009-09-29,Barcelona,Chelsea,2,1,Group Stage
2009,2010-02-25,AC Milan,Real Madrid,5,3,Semi-Final
2009,2009-10-03,Benfica,AC Milan,0,3,Group Stage
2009,2010-02-16,Real Madrid,Juventus,3,2,Group Stage
2009,2010-03-31,Manchester City,Borussia Dortmund,4,3,Group Stage
2009,2010-01-07,Porto,Borussia Dortmund,0,0,Group Stage
2009,2010-05-04,Inter Milan,Porto,4,3,Group Stage
2009,2010-01-18,Arsenal,Borussia Dortmund,1,5,Group Stage
2009,2009-11-29,Lyon,Porto,2,1,Quarter-Final
2009,2009-09-02,Bayern Munich,Liverpool,5,4,Group Stage
2009,2010-04-21,Paris Saint-Germain,Juventus,2,2,Group Stage
2009,2010-04-11,Paris Saint-Germain,Sevilla,5,2,Group Stage
2009,2010-02-02,Juventus,Ajax,0,5,Group Stage
2009,2009-10-02,Paris Saint-Germain,Porto,5,1,Group Stage
2009,2009-11-02,Benfica,Juventus,4,0,Round of 16
2009,2009-09-14,Juventus,Benfica,2,1,Group Stage
2009,2010-03-21,Atletico Madrid,Benfica,1,4,Group Stage
2009,2010-01-21,Lyon,Inter Milan,3,2,Quarter-Final
2009,2010-04-07,Atletico Madrid,Arsenal,4,3,Group Stage
2009,2009-09-17,Borussia Dortmund,Bayern Munich,5,1,Group Stage
2009,2010-03-15,Arsenal,Real Madrid,3,5,Group Stage
2009,2010-02-07,Ajax,Sevilla,3,1,Group Stage
2009,2010-02-01,Manchester City,Arsenal,5,1,Quarter-Final
2009,2009-12-29,Benfica,Liverpool,3,2,Quarter-Final
2009,2009-11-02,Arsenal,Paris Saint-Germain,0,5,Group Stage
2009,2010-03-04,Sevilla,Juventus,4,5,Quarter-Final
2009,2009-11-23,Tottenham,Juventus,5,1,Semi-Final
2009,2009-12-24,Ajax,Lyon,3,3,Group Stage
2009,2009-10-23,Borussia Dortmund,Manchester City,3,1,Group Stage
2009,2010-02-16,Paris Saint-Germain,Atletico Madrid,5,4,Group Stage
2009,2009-11-28,Chelsea,Atletico Madrid,4,3,Group Stage
2009,2009-09-12,Inter Milan,Porto,1,5,Round of 16
2009,2009-09-07,Real Madrid,Paris Saint-Germain,2,0,Semi-Final
2009,2009-10-09,Napoli,Borussia Dortmund,3,3,Group Stage
2009,2010-02-23,Borussia Dortmund,Arsenal,1,5,Group Stage
2010,2010-09-14,Bayern Munich,Tottenham,1,2,Group Stage
2010,2011-04-09,Manchester City,AC Milan,2,3,Group Stage
2010,2011-05-06,Chelsea,Ajax,2,0,Group Stage
2010,2010-10-19,Atletico Madrid,Ajax,5,0,Round of 16
2010,2010-11-09,Benfica,Juventus,3,1,Group Stage
2010,2010-10-31,Manchester City,Chelsea,1,3,Group Stage
2010,2011-04-17,Real Madrid,Bayern Munich,3,2,Group Stage
2010,2010-11-15,Lyon,Juventus,2,3,Quarter-Final
2010,2010-11-06,Napoli,Real Madrid,3,5,Group Stage
2010,2010-09-19,Napoli,Atletico Madrid,3,0,Group Stage
2010,2011-05-08,Manchester City,Porto,5,5,Group Stage
2010,2010-10-25,Ajax,Paris Saint-Germain,0,5,Quarter-Final
2010,2011-04-09,Tottenham,Arsenal,0,5,Group Stage
2010,2010-11-09,Paris Saint-Germain,Lyon,4,1,Group Stage
2010,2010-09-06,Arsenal,Liverpool,5,1,Group Stage
2010,2011-03-25,Sevilla,Benfica,2,2,Group Stage
2010,2011-03-24,Benfica,Bayern Munich,1,5,Quarter-Final
2010,2010-10-21,Inter Milan,Sevilla,0,5,Group Stage
2010,2011-01-30,Real Madrid,Chelsea,0,2,Final
2010,2011-02-28,Paris Saint-Germain,Manchester City,3,4,Group Stage
2010,2010-09-23,Sevilla,Atletico Madrid,0,3,Group Stage
2010,2011-02-09,Tottenham,Real Madrid,5,5,Semi-Final
2010,2011-05-05,Inter Milan,Bayern Munich,5,4,Group Stage
2010,2010-11-15,Napoli,Liverpool,2,1,Group Stage
2010,2011-01-12,AC Milan,Lyon,4,4,Semi-Final
2010,2011-03-09,Liverpool,Borussia Dortmund,5,3,Group Stage
2010,2010-12-17,Chelsea,Arsenal,4,3,Group Stage
2010,2011-03-09,Liverpool,Juventus,5,5,Group Stage
2010,2010-09-04,Sevilla,Porto,3,0,Group Stage
2010,2010-12-12,Atletico Madrid,Borussia Dortmund,1,1,Group Stage
2010,2011-03-31,Manchester City,Napoli,5,0,Group Stage
2010,2010-11-07,Chelsea,Napoli,0,3,Group Stage
2010,2011-02-06,Atletico Madrid,Chelsea,0,5,Quarter-Final
2010,2010-09-05,Tottenham,Lyon,0,5,Group Stage
2010,2010-12-15,Inter Milan,Napoli,4,4,Round of 16
2010,2011-01-30,Bayern Munich,Napoli,1,0,Group Stage
2010,2011-04-30,Atletico Madrid,Lyon,1,3,Round of 16
2010,2010-12-30,Napoli,Tottenham,0,5,Final
2010,2011-01-05,Chelsea,Lyon,4,0,Round of 16
2010,2010-12-27,Borussia Dortmund,Manchester City,0,5,Group Stage
2010,2010-10-03,Atletico Madrid,Bayern Munich,1,0,Round of 16
2010,2010-12-23,Napoli,Lyon,0,1,Round of 16
2010,2010-12-09,AC Milan,Sevilla,5,0,Group Stage
2010,2011-04-04,Ajax,Bayern Munich,4,5,Quarter-Final
2010,2011-04-19,Napoli,Porto,2,0,Group Stage
2010,2011-04-26,Inter Milan,Bayern Munich,3,0,Quarter-Final
2010,2011-01-29,Napoli,Bayern Munich,4,3,Round of 16
2010,2010-09-16,Juventus,Arsenal,1,2,Group Stage
2010,2011-01-13,Ajax,Arsenal,3,4,Group Stage
2010,2011-05-03,Napoli,Juventus,3,3,Group Stage
2010,2011-03-23,Arsenal,Paris Saint-Germain,3,4,Group Stage
2010,2010-09-29,Juventus,Ajax,5,3,Quarter-Final
2010,2010-11-09,Tottenham,Inter Milan,2,3,Round of 16
2010,2011-03-18,Manchester City,AC Milan,4,4,Group Stage
2010,2011-02-09,Sevilla,Ajax,0,0,Group Stage
2010,2010-09-09,Real Madrid,Porto,0,5,Group Stage
2010,2010-11-12,AC Milan,Borussia Dortmund,1,0,Group Stage
2010,2011-04-02,Real Madrid,Tottenham,0,3,Group Stage
2010,2011-02-20,Chelsea,Lyon,4,2,Round of 16
2010,2011-03-23,Benfica,Ajax,1,2,Group Stage
2011,2012-03-26,Juventus,Borussia Dortmund,3,3,Group Stage
2011,2012-04-01,Ajax,Tottenham,0,1,Quarter-Final
2011,2011-09-10,Benfica,Chelsea,5,5,Group Stage
2011,2012-02-05,Arsenal,Ajax,4,2,Round of 16
2011,2011-09-17,Manchester City,AC Milan,3,4,Group Stage
2011,2012-01-09,Benfica,Liverpool,2,5,Group Stage
2011,2012-03-17,Liverpool,Inter Milan,5,4,Group Stage
2011,2011-10-13,Paris Saint-Germain,Inter Milan,2,3,Quarter-Final
2011,2012-02-13,Benfica,Arsenal,2,5,Group Stage
2011,2011-12-09,Barcelona,AC Milan,3,4,Group Stage
2011,2012-03-29,Real Madrid,Manchester City,0,0,Quarter-Final
2011,2012-03-21,Sevilla,AC Milan,2,5,Group Stage
2011,2012-02-09,Atletico Madrid,Manchester City,0,3,Group Stage
2011,2011-11-28,Benfica,Arsenal,5,4,Group Stage
2011,2011-11-19,Manchester City,Liverpool,1,1,Group Stage
2011,2012-03-10,Porto,Tottenham,5,5,Group Stage
2011,2012-04-22,Benfica,Paris Saint-Germain,2,0,Group Stage
2011,2011-10-17,Porto,Juventus,3,2,Round of 16
2011,2012-04-17,Lyon,AC Milan,5,2,Group Stage
2011,2012-02-16,Sevilla,Barcelona,1,3,Quarter-Final
2011,2011-10-06,Porto,Ajax,4,1,Group Stage
2011,2012-04-29,Atletico Madrid,AC Milan,5,5,Group Stage
2011,2011-11-25,Borussia Dortmund,Barcelona,5,2,Round of 16
2011,2011-11-25,Sevilla,Lyon,1,3,Group Stage
2011,2011-11-12,Napoli,Lyon,0,3,Group Stage
2011,2011-09-28,Tottenham,Sevilla,5,3,Group Stage
2011,2011-09-24,Sevilla,AC Milan,4,4,Group Stage
2011,2011-11-12,Inter Milan,Benfica,3,1,Group Stage
2011,2012-03-25,Liverpool,Barcelona,3,1,Group Stage
2011,2012-01-12,Liverpool,Manchester City,4,1,Group Stage
2011,2011-09-01,Inter Milan,Ajax,5,2,Group Stage
2011,2011-11-30,Bayern Munich,Real Madrid,3,1,Group Stage
2011,2011-10-05,Napoli,Chelsea,1,1,Group Stage
2011,2012-02-20,Tottenham,Juventus,0,0,Group Stage
2011,2011-10-14,Tottenham,Manchester City,4,1,Group Stage
2011,2011-11-01,Lyon,Atletico Madrid,0,3,Group Stage
2011,2012-04-02,Tottenham,Borussia Dortmund,2,2,Group Stage
2011,2012-03-21,AC Milan,Manchester City,3,1,Semi-Final
2011,2011-11-02,Tottenham,Chelsea,3,3,Round of 16
2011,2012-04-22,Paris Saint-Germain,AC Milan,2,2,Group Stage
2011,2012-02-09,Benfica,Porto,4,0,Group Stage
2011,2012-04-28,AC Milan,Barcelona,4,1,Group Stage
2011,2011-12-13,Lyon,AC Milan,0,5,Group Stage
2011,2012-01-08,Lyon,AC Milan,2,5,Group Stage
2011,2011-09-12,Sevilla,Bayern Munich,4,4,Quarter-Final
2011,2011-09-26,Real Madrid,AC Milan,1,5,Group Stage
2011,2011-10-02,Barcelona,Paris Saint-Germain,2,5,Group Stage
2011,2012-03-20,Borussia Dortmund,Juventus,2,0,Group Stage
2011,2011-11-16,Ajax,Barcelona,4,1,Group Stage
2011,2011-10-03,Atletico Madrid,Arsenal,2,0,Group Stage
2011,2012-01-04,Benfica,AC Milan,4,2,Group Stage
2011,2012-03-31,Tottenham,AC Milan,2,0,Group Stage
2011,2012-04-15,Liverpool,Barcelona,2,3,Quarter-Final
2011,2012-01-31,AC Milan,Porto,4,2,Group Stage
2011,2011-10-01,Inter Milan,Atletico Madrid,1,3,Group Stage
2011,2012-04-07,Ajax,Sevilla,3,2,Quarter-Final
2011,2011-09-30,Benfica,AC Milan,1,4,Round of 16
2011,2012-02-02,Barcelona,Bayern Munich,2,4,Final
2011,2011-12-04,Napoli,Arsenal,0,1,Group Stage
2011,2012-04-30,Juventus,Arsenal,2,5,Group Stage
2012,2012-09-27,Porto,Benfica,4,1,Group Stage
2012,2013-04-03,Paris Saint-Germain,Juventus,2,3,Semi-Final
2012,2012-10-03,Arsenal,Paris Saint-Germain,0,1,Group Stage
2012,2013-04-07,Juventus,Manchester City,5,5,Group Stage
2012,2012-12-06,Chelsea,Porto,0,3,Group Stage
2012,2013-04-11,Sevilla,Chelsea,3,3,Group Stage
2012,2013-01-09,Ajax,Arsenal,3,2,Group Stage
2012,2013-01-27,Liverpool,AC Milan,0,5,Group Stage
2012,2012-11-07,Sevilla,Ajax,2,1,Group Stage
2012,2013-04-17,Chelsea,Sevilla,5,2,Group Stage
2012,2012-11-15,Juventus,Paris Saint-Germain,3,0,Semi-Final
2012,2012-11-13,Paris Saint-Germain,AC Milan,0,0,Final
2012,2012-12-10,Arsenal,Atletico Madrid,5,4,Group Stage
2012,2013-01-11,Lyon,Porto,0,2,Group Stage
2012,2013-04-10,Sevilla,Tottenham,5,2,Group Stage
2012,2013-03-24,Inter Milan,Borussia Dortmund,4,1,Group Stage
2012,2013-01-15,Inter Milan,Liverpool,2,1,Group Stage
2012,2012-09-09,Atletico Madrid,Benfica,3,4,Group Stage
2012,2012-09-19,AC Milan,Lyon,1,0,Group Stage
2012,2013-02-16,Borussia Dortmund,Sevilla,1,5,Group Stage
2012,2013-04-08,Tottenham,AC Milan,0,1,Group Stage
2012,2012-12-07,Bayern Munich,Benfica,2,2,Group Stage
2012,2013-04-03,Borussia Dortmund,Liverpool,2,5,Semi-Final
2012,2012-11-03,Liverpool,Borussia Dortmund,2,0,Group Stage
2012,2012-11-22,Sevilla,Chelsea,3,4,Group Stage
2012,2012-12-11,Lyon,Sevilla,3,4,Group Stage
2012,2013-02-11,Atletico Madrid,Porto,3,2,Group Stage
2012,2013-03-03,Lyon,Inter Milan,4,2,Group Stage
2012,2013-04-11,Porto,Sevilla,3,4,Group Stage
2012,2012-11-15,Chelsea,Porto,0,3,Round of 16
2012,2012-11-13,Liverpool,Inter Milan,1,4,Group Stage
2012,2013-02-20,Ajax,Paris Saint-Germain,1,2,Round of 16
2012,2013-01-09,AC Milan,Atletico Madrid,4,2,Quarter-Final
2012,2012-09-04,AC Milan,Lyon,4,0,Group Stage
2012,2012-11-03,Manchester City,Chelsea,4,4,Group Stage
2012,2012-09-15,Porto,Ajax,1,4,Group Stage
2012,2012-09-03,Lyon,Ajax,4,3,Group Stage
2012,2012-09-15,Atletico Madrid,Benfica,5,2,Group Stage
2012,2013-03-10,Atletico Madrid,Real Madrid,3,4,Group Stage
2012,2012-12-13,Juventus,Borussia Dortmund,5,1,Group Stage
2012,2013-03-10,Barcelona,Porto,1,1,Group Stage
2012,2012-12-03,Paris Saint-Germain,Bayern Munich,5,2,Group Stage
2012,2012-12-08,Napoli,Sevilla,5,5,Group Stage
2012,2012-12-08,Sevilla,Barcelona,0,5,Group Stage
2012,2013-02-10,Liverpool,Arsenal,2,2,Round of 16
2012,2012-11-25,Liverpool,Juventus,4,5,Group Stage
2012,2012-09-30,Napoli,AC Milan,4,2,Group Stage
2012,2012-11-24,Chelsea,Bayern Munich,4,4,Group Stage
2012,2013-03-05,Benfica,Sevilla,3,1,Quarter-Final
2012,2012-11-16,Porto,Manchester City,5,0,Group Stage
2012,2013-01-22,AC Milan,Bayern Munich,3,5,Group Stage
2012,2013-03-23,Liverpool,Barcelona,2,5,Group Stage
2012,2012-10-21,Borussia Dortmund,Inter Milan,5,0,Group Stage
2012,2012-10-05,Lyon,Chelsea,0,4,Round of 16
2012,2012-10-13,Ajax,Lyon,2,0,Group Stage
2012,2013-03-05,AC Milan,Juventus,1,3,Round of 16
2012,2013-02-24,Barcelona,Manchester City,4,4,Group Stage
2012,2013-04-21,Tottenham,Liverpool,4,0,Group Stage
2012,2013-01-19,Atletico Madrid,Borussia Dortmund,1,1,Round of 16
2012,2012-11-24,Juventus,Bayern Munich,4,1,Group Stage
2013,2014-03-30,Napoli,Tottenham,2,5,Group Stage
2013,2014-01-01,Atletico Madrid,Barcelona,0,1,Group Stage
2013,2013-10-13,Sevilla,Barcelona,2,5,Group Stage
2013,2014-02-07,Manchester City,Paris Saint-Germain,1,5,Group Stage
2013,2014-04-14,Bayern Munich,Benfica,0,4,Group Stage
2013,2014-02-02,Sevilla,Benfica,2,5,Group Stage
2013,2014-01-14,Atletico Madrid,Chelsea,4,4,Group Stage
2013,2013-11-14,Napoli,AC Milan,4,5,Group Stage
2013,2013-11-16,Paris Saint-Germain,Napoli,3,5,Group Stage
2013,2014-02-08,Benfica,Arsenal,1,4,Round of 16
2013,2013-09-21,Chelsea,Lyon,2,0,Group Stage
2013,2013-10-31,Paris Saint-Germain,Barcelona,4,4,Group Stage
2013,2013-11-21,Bayern Munich,Juventus,1,4,Group Stage
2013,2014-02-15,Porto,Borussia Dortmund,3,4,Group Stage
2013,2013-09-30,Napoli,Ajax,5,1,Semi-Final
2013,2014-03-05,Liverpool,Lyon,5,5,Group Stage
2013,2013-09-10,AC Milan,Barcelona,2,1,Group Stage
2013,2014-03-25,Benfica,Borussia Dortmund,3,0,Round of 16
2013,2014-02-23,Paris Saint-Germain,Juventus,5,4,Group Stage
2013,2014-03-21,Arsenal,Ajax,5,2,Group Stage
2013,2013-09-18,Atletico Madrid,Juventus,2,5,Group Stage
2013,2013-09-18,Arsenal,Paris Saint-Germain,2,2,Group Stage
2013,2013-11-09,Arsenal,Barcelona,0,0,Group Stage
2013,2013-11-29,Chelsea,Arsenal,1,3,Group Stage
2013,2013-09-16,Juventus,Paris Saint-Germain,4,0,Round of 16
2013,2014-02-03,Sevilla,Real Madrid,1,2,Group Stage
2013,2014-04-08,Benfica,Real Madrid,4,1,Round of 16
2013,2013-09-14,Benfica,Porto,4,2,Group Stage
2013,2014-03-18,Atletico Madrid,Bayern Munich,5,4,Group Stage
2013,2013-09-21,Arsenal,Sevilla,0,2,Group Stage
2013,2014-02-23,AC Milan,Juventus,5,0,Semi-Final
2013,2014-05-07,Bayern Munich,Liverpool,3,0,Round of 16
2013,2014-02-08,Juventus,Liverpool,5,3,Group Stage
2013,2014-03-07,Chelsea,Porto,4,5,Group Stage
2013,2014-02-17,Lyon,Atletico Madrid,4,1,Round of 16
2013,2014-03-24,Juventus,Napoli,1,4,Group Stage
2013,2014-03-12,Juventus,Chelsea,2,2,Group Stage
2013,2014-02-22,Sevilla,Inter Milan,4,5,Final
2013,2014-03-14,Manchester City,Borussia Dortmund,5,2,Group Stage
2013,2013-10-11,Real Madrid,Juventus,1,5,Group Stage
2013,2013-12-14,AC Milan,Real Madrid,4,4,Group Stage
2013,2014-05-08,Paris Saint-Germain,Borussia Dortmund,1,4,Group Stage
2013,2013-09-02,Barcelona,Manchester City,4,2,Group Stage
2013,2013-09-01,Paris Saint-Germain,Benfica,3,4,Group Stage
2013,2014-01-26,Tottenham,Manchester City,2,5,Group Stage
2013,2013-12-17,Bayern Munich,Liverpool,3,3,Group Stage
2013,2013-09-01,Napoli,Benfica,0,0,Group Stage
2013,2013-09-01,Manchester City,Inter Milan,4,4,Group Stage
2013,2014-02-16,Juventus,Lyon,3,4,Group Stage
2013,2014-03-01,Liverpool,Arsenal,2,2,Round of 16
2013,2013-10-10,Napoli,Borussia Dortmund,1,2,Group Stage
2013,2013-09-10,Ajax,Inter Milan,5,5,Group Stage
2013,2013-10-14,Chelsea,Liverpool,3,5,Group Stage
2013,2013-11-21,Barcelona,Tottenham,0,5,Group Stage
2013,2013-09-03,Manchester City,Ajax,1,5,Group Stage
2013,2013-11-11,Real Madrid,Manchester City,5,1,Quarter-Final
2013,2013-09-09,Barcelona,Arsenal,4,1,Round of 16
2013,2014-01-16,Inter Milan,Bayern Munich,0,0,Semi-Final
2013,2014-01-02,Real Madrid,Sevilla,4,1,Group Stage
2013,2014-04-30,Ajax,Liverpool,2,5,Group Stage
2014,2015-02-09,Liverpool,Real Madrid,4,4,Round of 16
2014,2015-05-09,Inter Milan,Ajax,5,4,Semi-Final
2014,2014-10-27,Real Madrid,Bayern Munich,4,3,Group Stage
2014,2014-09-27,Chelsea,Manchester City,3,0,Group Stage
2014,2015-03-15,Real Madrid,Lyon,4,1,Round of 16
2014,2015-03-09,Liverpool,Napoli,4,3,Group Stage
2014,2014-10-29,Porto,Ajax,5,5,Quarter-Final
2014,2015-03-19,Atletico Madrid,Liverpool,0,5,Group Stage
2014,2015-04-15,Lyon,Chelsea,1,1,Group Stage
2014,2014-09-30,Liverpool,Lyon,3,1,Group Stage
2014,2014-12-13,Porto,Paris Saint-Germain,4,0,Group Stage
2014,2014-12-30,Sevilla,Liverpool,3,3,Group Stage
2014,2015-02-01,Sevilla,Liverpool,2,5,Group Stage
2014,2015-02-27,Benfica,Porto,5,5,Group Stage
2014,2015-01-08,Arsenal,Barcelona,3,5,Group Stage
2014,2015-04-02,Real Madrid,Ajax,0,0,Group Stage
2014,2015-03-10,Borussia Dortmund,Tottenham,3,2,Group Stage
2014,2015-02-25,Chelsea,Bayern Munich,1,1,Group Stage
2014,2014-09-26,Inter Milan,Paris Saint-Germain,5,1,Group Stage
2014,2014-10-20,Sevilla,Barcelona,5,0,Group Stage
2014,2015-04-28,Lyon,Tottenham,1,2,Group Stage
2014,2014-09-11,AC Milan,Arsenal,0,0,Group Stage
2014,2015-02-11,Real Madrid,Manchester City,3,0,Round of 16
2014,2015-01-20,Manchester City,AC Milan,5,1,Group Stage
2014,2015-01-12,Chelsea,Arsenal,1,2,Group Stage
2014,2015-04-02,Inter Milan,Chelsea,3,3,Group Stage
2014,2015-02-08,Porto,Benfica,3,1,Round of 16
2014,2015-05-06,AC Milan,Borussia Dortmund,1,3,Group Stage
2014,2015-02-21,Real Madrid,Bayern Munich,3,2,Semi-Final
2014,2015-03-28,Borussia Dortmund,Juventus,2,3,Final
2014,2014-11-10,Sevilla,Arsenal,4,0,Round of 16
2014,2014-12-12,Ajax,Arsenal,2,1,Group Stage
2014,2015-03-24,Benfica,Borussia Dortmund,0,5,Group Stage
2014,2014-11-02,Inter Milan,Tottenham,2,3,Group Stage
2014,2014-09-06,Arsenal,Juventus,3,0,Group Stage
2014,2014-12-07,Arsenal,Borussia Dortmund,1,5,Group Stage
2014,2014-10-02,Arsenal,Benfica,5,1,Semi-Final
2014,2015-02-24,Inter Milan,AC Milan,1,0,Final
2014,2015-04-19,Napoli,Paris Saint-Germain,1,1,Group Stage
2014,2015-01-28,Manchester City,Real Madrid,0,4,Group Stage
2014,2015-04-17,Borussia Dortmund,AC Milan,4,5,Semi-Final
2014,2015-01-17,Inter Milan,Paris Saint-Germain,2,1,Group Stage
2014,2015-01-22,Real Madrid,Benfica,2,0,Group Stage
2014,2015-01-11,Tottenham,AC Milan,5,5,Group Stage
2014,2015-03-13,Napoli,Manchester City,2,5,Group Stage
2014,2014-12-26,AC Milan,Tottenham,1,4,Round of 16
2014,2015-02-18,Atletico Madrid,Bayern Munich,2,3,Group Stage
2014,2014-09-13,Bayern Munich,Atletico Madrid,5,4,Round of 16
2014,2015-03-03,Paris Saint-Germain,Lyon,5,0,Group Stage
2014,2015-01-06,Chelsea,Paris Saint-Germain,0,3,Group Stage
2014,2014-11-11,Porto,Juventus,3,2,Quarter-Final
2014,2015-04-18,Ajax,Porto,2,1,Group Stage
2014,2015-03-06,Lyon,Atletico Madrid,3,0,Quarter-Final
2014,2015-03-01,Chelsea,Porto,1,0,Group Stage
2014,2014-12-07,Benfica,Liverpool,1,1,Group Stage
2014,2015-05-04,Barcelona,Arsenal,2,5,Round of 16
2014,2015-04-04,Sevilla,Napoli,1,1,Group Stage
2014,2014-12-02,Borussia Dortmund,Inter Milan,2,2,Round of 16
2014,2015-01-12,Sevilla,Chelsea,4,3,Group Stage
2014,2014-10-12,Inter Milan,AC Milan,3,1,Round of 16
2015,2016-04-10,Real Madrid,Inter Milan,3,4,Group Stage
2015,2015-10-19,Napoli,Liverpool,3,5,Group Stage
2015,2015-12-07,Borussia Dortmund,Tottenham,4,4,Group Stage
2015,2016-03-09,Lyon,Bayern Munich,5,5,Group Stage
2015,2016-03-19,Manchester City,Bayern Munich,3,4,Round of 16
2015,2015-09-20,Borussia Dortmund,Liverpool,3,0,Group Stage
2015,2015-12-05,Arsenal,Sevilla,5,4,Group Stage
2015,2015-11-08,Manchester City,Sevilla,5,2,Group Stage
2015,2016-04-17,Sevilla,Arsenal,2,4,Semi-Final
2015,2015-12-31,Tottenham,Benfica,0,1,Quarter-Final
2015,2016-03-29,Benfica,Bayern Munich,5,0,Group Stage
2015,2015-10-19,Bayern Munich,Porto,1,1,Group Stage
2015,2016-02-14,Atletico Madrid,Real Madrid,3,5,Round of 16
2015,2015-12-10,Chelsea,Inter Milan,2,0,Group Stage
2015,2015-10-12,AC Milan,Benfica,0,2,Group Stage
2015,2016-01-10,Manchester City,Arsenal,4,1,Group Stage
2015,2015-09-14,Chelsea,Lyon,0,2,Final
2015,2015-09-27,AC Milan,Juventus,4,0,Group Stage
2015,2016-01-08,Juventus,Bayern Munich,2,5,Group Stage
2015,2015-10-28,Manchester City,Napoli,2,4,Round of 16
2015,2015-12-02,Paris Saint-Germain,Inter Milan,2,2,Group Stage
2015,2015-10-18,Barcelona,Napoli,3,3,Group Stage
2015,2015-11-19,Porto,Chelsea,2,0,Round of 16
2015,2015-10-29,Borussia Dortmund,AC Milan,0,0,Quarter-Final
2015,2015-12-28,Chelsea,Bayern Munich,0,2,Group Stage
2015,2015-12-08,Barcelona,Borussia Dortmund,5,2,Group Stage
2015,2015-10-06,Porto,Real Madrid,2,1,Group Stage
2015,2015-12-11,Manchester City,Benfica,4,1,Group Stage
2015,2015-11-20,Chelsea,Real Madrid,0,2,Group Stage
2015,2016-02-06,Benfica,Sevilla,4,1,Group Stage
2015,2016-05-02,Porto,Juventus,2,5,Group Stage
2015,2016-05-08,Napoli,Sevilla,1,3,Round of 16
2015,2015-10-29,Inter Milan,Lyon,1,1,Group Stage
2015,2016-01-13,Liverpool,Atletico Madrid,2,5,Group Stage
2015,2015-12-14,Sevilla,Arsenal,2,4,Group Stage
2015,2016-02-03,Porto,Chelsea,2,4,Round of 16
2015,2016-03-02,Arsenal,Benfica,2,2,Group Stage
2015,2015-09-07,Paris Saint-Germain,Liverpool,1,4,Quarter-Final
2015,2016-03-12,Barcelona,Real Madrid,0,5,Round of 16
2015,2016-03-10,Juventus,Ajax,2,0,Round of 16
2015,2015-10-21,Benfica,Borussia Dortmund,5,2,Group Stage
2015,2016-01-18,Napoli,Porto,4,3,Group Stage
2015,2015-10-15,Benfica,Barcelona,1,0,Group Stage
2015,2015-09-14,Barcelona,Arsenal,1,4,Group Stage
2015,2015-09-08,Juventus,Liverpool,2,4,Quarter-Final
2015,2016-03-14,Manchester City,Porto,4,2,Group Stage
2015,2016-03-27,Sevilla,Napoli,1,0,Round of 16
2015,2015-09-16,Arsenal,Liverpool,2,3,Group Stage
2015,2015-10-02,Manchester City,Inter Milan,2,5,Group Stage
2015,2016-01-18,Benfica,Manchester City,3,3,Group Stage
2015,2015-11-04,Manchester City,Atletico Madrid,3,4,Group Stage
2015,2016-03-15,Bayern Munich,Chelsea,4,5,Group Stage
2015,2015-10-24,Borussia Dortmund,Porto,5,5,Quarter-Final
2015,2015-09-29,AC Milan,Paris Saint-Germain,1,4,Group Stage
2015,2015-12-31,Real Madrid,Borussia Dortmund,2,4,Group Stage
2015,2016-04-03,AC Milan,Ajax,0,5,Group Stage
2015,2015-12-09,Manchester City,Arsenal,5,1,Group Stage
2015,2016-03-25,Arsenal,Lyon,5,5,Group Stage
2015,2016-03-23,Manchester City,Sevilla,2,3,Group Stage
2015,2015-12-26,AC Milan,Porto,0,5,Group Stage
2016,2017-01-20,Borussia Dortmund,Bayern Munich,4,0,Group Stage
2016,2017-04-28,Liverpool,Juventus,4,0,Semi-Final
2016,2016-09-09,Ajax,Lyon,0,1,Group Stage
2016,2017-04-05,Liverpool,Juventus,4,4,Group Stage
2016,2017-02-16,Lyon,Real Madrid,3,5,Group Stage
2016,2017-02-13,Real Madrid,Borussia Dortmund,3,2,Group Stage
2016,2017-01-03,Tottenham,AC Milan,3,2,Group Stage
2016,2016-10-14,Lyon,Benfica,1,2,Group Stage
2016,2017-03-10,Paris Saint-Germain,Chelsea,0,0,Group Stage
2016,2016-09-24,Juventus,AC Milan,2,5,Round of 16
2016,2017-05-04,Paris Saint-Germain,AC Milan,5,2,Group Stage
2016,2017-01-26,Bayern Munich,Borussia Dortmund,0,1,Group Stage
2016,2017-04-20,Real Madrid,Paris Saint-Germain,5,5,Group Stage
2016,2017-03-31,Porto,Manchester City,4,4,Group Stage
2016,2017-04-16,Liverpool,Tottenham,1,1,Group Stage
2016,2017-01-22,Arsenal,Liverpool,1,2,Quarter-Final
2016,2016-12-10,Juventus,Bayern Munich,2,4,Group Stage
2016,2016-10-03,Juventus,Arsenal,2,5,Group Stage
2016,2016-11-08,Ajax,Arsenal,1,0,Group Stage
2016,2016-09-28,Barcelona,Arsenal,4,4,Group Stage
2016,2017-02-07,Atletico Madrid,Manchester City,4,5,Group Stage
2016,2016-10-18,Arsenal,Atletico Madrid,0,0,Group Stage
2016,2017-02-04,Atletico Madrid,Barcelona,0,0,Quarter-Final
2016,2016-12-14,Inter Milan,Paris Saint-Germain,1,4,Group Stage
2016,2016-11-08,Lyon,Borussia Dortmund,2,5,Group Stage
2016,2016-11-15,Ajax,Arsenal,5,4,Group Stage
2016,2016-11-23,Atletico Madrid,Bayern Munich,2,3,Quarter-Final
2016,2017-04-24,Bayern Munich,Ajax,4,0,Group Stage
2016,2017-01-01,Real Madrid,Atletico Madrid,1,3,Semi-Final
2016,2016-10-19,AC Milan,Liverpool,5,5,Group Stage
2016,2016-10-23,Bayern Munich,Porto,0,2,Quarter-Final
2016,2017-03-04,AC Milan,Benfica,5,5,Semi-Final
2016,2017-04-26,Napoli,Paris Saint-Germain,5,1,Round of 16
2016,2016-12-15,Sevilla,Paris Saint-Germain,1,3,Group Stage
2016,2017-04-15,Borussia Dortmund,Bayern Munich,3,1,Group Stage
2016,2016-12-19,Ajax,Paris Saint-Germain,0,3,Group Stage
2016,2016-12-31,Arsenal,Juventus,3,3,Group Stage
2016,2017-03-02,Paris Saint-Germain,Porto,2,0,Group Stage
2016,2016-12-04,Lyon,Juventus,2,4,Round of 16
2016,2016-12-26,Sevilla,Liverpool,3,4,Group Stage
2016,2016-10-01,Paris Saint-Germain,Arsenal,0,1,Group Stage
2016,2017-04-13,Real Madrid,Juventus,5,5,Final
2016,2017-03-09,Barcelona,Real Madrid,3,0,Group Stage
2016,2017-03-19,Benfica,Borussia Dortmund,4,1,Semi-Final
2016,2016-12-02,Borussia Dortmund,Napoli,2,1,Quarter-Final
2016,2017-01-18,Inter Milan,Sevilla,2,5,Semi-Final
2016,2016-09-06,Bayern Munich,Manchester City,3,2,Group Stage
2016,2017-03-23,Ajax,Sevilla,0,2,Group Stage
2016,2016-09-22,Sevilla,Benfica,1,1,Group Stage
2016,2016-12-10,Manchester City,Paris Saint-Germain,0,4,Round of 16
2016,2017-02-27,Juventus,Napoli,5,1,Group Stage
2016,2016-12-26,Barcelona,Napoli,5,4,Group Stage
2016,2016-11-04,Bayern Munich,Napoli,2,1,Quarter-Final
2016,2016-12-31,Manchester City,Napoli,1,4,Semi-Final
2016,2017-01-27,Bayern Munich,Tottenham,4,5,Quarter-Final
2016,2016-11-27,Borussia Dortmund,Sevilla,2,0,Group Stage
2016,2017-01-13,Atletico Madrid,Napoli,3,2,Round of 16
2016,2016-09-23,Atletico Madrid,Barcelona,4,3,Semi-Final
2016,2017-02-10,Juventus,Arsenal,3,1,Group Stage
2016,2016-09-27,Tottenham,Manchester City,3,3,Group Stage
2017,2017-12-30,Sevilla,Barcelona,1,0,Group Stage
2017,2018-01-14,Sevilla,Chelsea,3,3,Group Stage
2017,2017-10-17,Benfica,Real Madrid,0,3,Group Stage
2017,2017-10-14,Manchester City,Benfica,2,0,Group Stage
2017,2018-04-14,Arsenal,Lyon,1,3,Group Stage
2017,2017-09-06,Real Madrid,Juventus,0,0,Semi-Final
2017,2017-09-21,Sevilla,Benfica,2,5,Round of 16
2017,2018-02-23,Juventus,Liverpool,2,2,Quarter-Final
2017,2017-09-25,Inter Milan,Paris Saint-Germain,0,2,Group Stage
2017,2017-12-26,Atletico Madrid,Chelsea,5,1,Group Stage
2017,2018-03-09,Sevilla,Benfica,0,3,Round of 16
2017,2017-09-25,Bayern Munich,Manchester City,4,0,Round of 16
2017,2017-10-10,Paris Saint-Germain,Manchester City,2,0,Round of 16
2017,2017-12-25,Arsenal,Liverpool,1,4,Group Stage
2017,2017-11-29,Inter Milan,Porto,1,1,Group Stage
2017,2018-04-26,Paris Saint-Germain,Manchester City,4,4,Round of 16
2017,2018-02-06,Porto,Napoli,1,0,Round of 16
2017,2017-12-16,Real Madrid,Sevilla,0,2,Group Stage
2017,2018-05-08,Sevilla,Bayern Munich,4,4,Group Stage
2017,2018-01-10,Tottenham,Juventus,1,3,Quarter-Final
2017,2018-03-02,Borussia Dortmund,Paris Saint-Germain,0,1,Semi-Final
2017,2018-05-06,AC Milan,Manchester City,4,1,Group Stage
2017,2017-10-22,Inter Milan,Bayern Munich,0,4,Group Stage
2017,2017-11-06,Ajax,Borussia Dortmund,3,5,Semi-Final
2017,2017-11-29,Paris Saint-Germain,Napoli,0,3,Group Stage
2017,2018-02-11,Sevilla,Juventus,4,4,Round of 16
2017,2018-01-31,Borussia Dortmund,Sevilla,2,3,Semi-Final
2017,2018-02-18,Borussia Dortmund,Arsenal,0,0,Group Stage
2017,2017-12-03,Napoli,Sevilla,5,4,Semi-Final
2017,2017-11-10,Borussia Dortmund,Liverpool,2,3,Round of 16
2017,2017-12-31,Napoli,Lyon,3,2,Group Stage
2017,2017-10-23,Napoli,Porto,2,3,Group Stage
2017,2018-05-09,Barcelona,Manchester City,0,4,Group Stage
2017,2017-10-26,Napoli,Barcelona,5,5,Group Stage
2017,2017-09-18,Napoli,Ajax,2,0,Group Stage
2017,2018-02-21,Ajax,Real Madrid,0,1,Group Stage
2017,2017-11-08,Tottenham,AC Milan,2,1,Final
2017,2017-11-26,Borussia Dortmund,Arsenal,2,4,Group Stage
2017,2018-03-06,Paris Saint-Germain,Juventus,1,3,Group Stage
2017,2017-12-30,Ajax,Liverpool,5,0,Group Stage
2017,2018-04-14,Sevilla,Liverpool,4,2,Group Stage
2017,2018-03-25,Borussia Dortmund,Chelsea,3,5,Group Stage
2017,2017-11-06,Napoli,AC Milan,5,2,Group Stage
2017,2018-03-01,Paris Saint-Germain,Bayern Munich,0,4,Group Stage
2017,2018-03-25,Atletico Madrid,Arsenal,2,1,Group Stage
2017,2018-05-01,Chelsea,Atletico Madrid,2,0,Round of 16
2017,2017-10-22,Arsenal,Tottenham,5,5,Group Stage
2017,2018-03-24,Barcelona,Juventus,1,3,Final
2017,2018-04-15,Paris Saint-Germain,Real Madrid,4,2,Group Stage
2017,2018-03-23,Inter Milan,Borussia Dortmund,0,0,Group Stage
2017,2018-03-04,AC Milan,Ajax,0,1,Group Stage
2017,2017-12-02,AC Milan,Barcelona,4,5,Group Stage
2017,2017-11-04,Bayern Munich,Paris Saint-Germain,1,5,Round of 16
2017,2018-03-22,Bayern Munich,Ajax,4,2,Group Stage
2017,2018-03-16,Bayern Munich,Napoli,5,4,Group Stage
2017,2018-01-04,Manchester City,Napoli,2,4,Round of 16
2017,2018-01-25,Bayern Munich,Paris Saint-Germain,2,3,Round of 16
2017,2018-03-29,Juventus,Arsenal,2,2,Group Stage
2017,2017-09-09,Real Madrid,Paris Saint-Germain,2,4,Group Stage
2017,2018-02-18,Manchester City,Ajax,0,2,Round of 16
2018,2018-11-19,Sevilla,Barcelona,5,5,Group Stage
2018,2019-02-05,Benfica,Manchester City,0,5,Group Stage
2018,2019-01-13,Liverpool,Porto,0,3,Group Stage
2018,2019-02-17,Lyon,Tottenham,1,4,Group Stage
2018,2019-05-07,AC Milan,Liverpool,3,5,Group Stage
2018,2019-04-11,Paris Saint-Germain,AC Milan,4,0,Group Stage
2018,2018-09-14,Napoli,Chelsea,0,0,Group Stage
2018,2019-04-04,AC Milan,Juventus,3,3,Group Stage
2018,2018-11-04,Paris Saint-Germain,Bayern Munich,3,0,Final
2018,2019-01-01,Juventus,Manchester City,3,2,Group Stage
2018,2018-09-07,Atletico Madrid,AC Milan,5,2,Group Stage
2018,2019-02-01,Atletico Madrid,Borussia Dortmund,3,4,Group Stage
2018,2018-10-10,Real Madrid,Juventus,4,1,Group Stage
2018,2019-03-25,Tottenham,Chelsea,4,3,Group Stage
2018,2018-09-20,Lyon,Chelsea,0,0,Quarter-Final
2018,2018-09-23,Inter Milan,Manchester City,0,1,Group Stage
2018,2018-11-14,Chelsea,Porto,4,0,Round of 16
2018,2018-09-17,Borussia Dortmund,Real Madrid,0,5,Group Stage
2018,2018-09-20,Arsenal,AC Milan,1,3,Group Stage
2018,2019-01-03,Napoli,Borussia Dortmund,2,0,Group Stage
2018,2018-12-25,Juventus,Atletico Madrid,3,4,Group Stage
2018,2019-03-07,Porto,Chelsea,3,2,Round of 16
2018,2018-10-02,Arsenal,Porto,2,2,Group Stage
2018,2019-02-22,Ajax,Borussia Dortmund,2,3,Group Stage
2018,2019-02-10,AC Milan,Manchester City,5,4,Group Stage
2018,2018-11-22,AC Milan,Inter Milan,0,4,Group Stage
2018,2018-11-17,Porto,Juventus,2,2,Group Stage
2018,2019-04-13,Bayern Munich,Juventus,4,4,Group Stage
2018,2019-04-30,Atletico Madrid,Tottenham,2,4,Group Stage
2018,2019-01-31,Bayern Munich,Chelsea,5,2,Round of 16
2018,2019-01-12,Inter Milan,Paris Saint-Germain,4,0,Round of 16
2018,2018-11-26,Chelsea,Liverpool,5,3,Group Stage
2018,2018-10-20,Arsenal,AC Milan,0,3,Group Stage
2018,2019-02-28,Ajax,Liverpool,4,1,Group Stage
2018,2019-04-19,Tottenham,Inter Milan,4,3,Group Stage
2018,2018-09-26,Lyon,Arsenal,2,1,Group Stage
2018,2018-11-15,Sevilla,Inter Milan,0,0,Round of 16
2018,2019-03-16,Ajax,Benfica,4,1,Round of 16
2018,2019-05-03,Porto,Real Madrid,4,3,Group Stage
2018,2018-11-02,Real Madrid,Juventus,2,3,Group Stage
2018,2019-03-27,Napoli,Chelsea,1,0,Group Stage
2018,2018-10-27,Bayern Munich,Borussia Dortmund,4,4,Round of 16
2018,2019-05-09,Inter Milan,Juventus,3,4,Group Stage
2018,2018-11-23,Arsenal,Borussia Dortmund,4,1,Quarter-Final
2018,2019-01-28,Benfica,Sevilla,0,3,Group Stage
2018,2018-11-02,Bayern Munich,Barcelona,1,0,Group Stage
2018,2019-04-06,Bayern Munich,Arsenal,5,1,Group Stage
2018,2018-12-11,Bayern Munich,Juventus,4,1,Group Stage
2018,2019-02-15,Paris Saint-Germain,Inter Milan,4,1,Group Stage
2018,2018-12-04,Manchester City,AC Milan,2,1,Group Stage
2018,2019-01-12,Atletico Madrid,Manchester City,5,4,Group Stage
2018,2018-11-05,Benfica,Borussia Dortmund,0,5,Group Stage
2018,2019-01-12,Lyon,Paris Saint-Germain,5,1,Quarter-Final
2018,2019-04-16,Inter Milan,Borussia Dortmund,5,3,Group Stage
2018,2019-03-02,Bayern Munich,Manchester City,5,2,Group Stage
2018,2019-02-04,Manchester City,Napoli,0,3,Group Stage
2018,2018-11-06,Liverpool,Atletico Madrid,1,5,Group Stage
2018,2018-10-17,Borussia Dortmund,Lyon,1,5,Group Stage
2018,2018-10-06,Chelsea,Arsenal,0,3,Semi-Final
2018,2019-02-01,Barcelona,Arsenal,4,1,Semi-Final
2019,2019-12-28,Barcelona,Bayern Munich,3,2,Group Stage
2019,2019-12-21,Borussia Dortmund,Manchester City,1,3,Group Stage
2019,2019-12-07,Juventus,Bayern Munich,1,1,Round of 16
2019,2020-03-18,Manchester City,Tottenham,4,2,Group Stage
2019,2019-11-04,Real Madrid,Porto,5,2,Group Stage
2019,2020-03-02,Liverpool,Lyon,0,3,Group Stage
2019,2019-12-01,Real Madrid,Borussia Dortmund,0,2,Round of 16
2019,2019-11-18,Paris Saint-Germain,Napoli,0,1,Group Stage
2019,2020-04-07,Juventus,Real Madrid,0,4,Quarter-Final
2019,2020-04-22,Benfica,Atletico Madrid,5,5,Round of 16
2019,2019-11-23,Paris Saint-Germain,Benfica,0,0,Quarter-Final
2019,2019-10-21,Porto,Manchester City,2,4,Group Stage
2019,2020-02-09,Chelsea,Sevilla,0,4,Group Stage
2019,2019-09-21,Napoli,Porto,5,0,Group Stage
2019,2020-03-21,Bayern Munich,AC Milan,4,2,Group Stage
2019,2020-04-28,Lyon,Real Madrid,5,5,Round of 16
2019,2020-01-21,Napoli,Barcelona,3,1,Group Stage
2019,2020-03-10,Juventus,Sevilla,1,5,Quarter-Final
2019,2019-10-25,Chelsea,Atletico Madrid,5,1,Group Stage
2019,2020-01-04,Inter Milan,Benfica,1,3,Group Stage
2019,2019-11-06,Chelsea,Juventus,4,2,Group Stage
2019,2019-12-15,Benfica,Liverpool,4,3,Group Stage
2019,2020-03-19,Porto,Sevilla,3,1,Group Stage
2019,2020-03-25,AC Milan,Real Madrid,5,2,Group Stage
2019,2020-01-23,Porto,Liverpool,0,1,Semi-Final
2019,2019-11-10,Porto,Paris Saint-Germain,4,2,Group Stage
2019,2019-11-22,Atletico Madrid,Inter Milan,5,3,Quarter-Final
2019,2020-04-10,Atletico Madrid,Bayern Munich,2,5,Group Stage
2019,2020-03-13,Tottenham,Barcelona,5,0,Quarter-Final
2019,2020-03-13,Porto,Ajax,3,5,Group Stage
2019,2019-10-06,Porto,Sevilla,1,5,Round of 16
2019,2019-11-10,Real Madrid,Borussia Dortmund,4,4,Group Stage
2019,2019-09-25,Bayern Munich,Porto,0,5,Round of 16
2019,2020-01-15,Chelsea,Manchester City,0,5,Group Stage
2019,2020-02-10,Borussia Dortmund,Liverpool,0,4,Group Stage
2019,2020-01-22,Chelsea,Porto,1,3,Round of 16
2019,2019-12-03,Atletico Madrid,Barcelona,4,0,Round of 16
2019,2020-02-20,Atletico Madrid,Lyon,2,1,Group Stage
2019,2020-03-10,Arsenal,Inter Milan,5,5,Group Stage
2019,2020-01-22,Bayern Munich,Napoli,3,3,Group Stage
2019,2019-09-20,Ajax,Paris Saint-Germain,0,1,Group Stage
2019,2020-01-30,Chelsea,Barcelona,5,0,Group Stage
2019,2019-11-07,Sevilla,Inter Milan,2,4,Group Stage
2019,2020-05-05,Atletico Madrid,Paris Saint-Germain,2,0,Group Stage
2019,2020-01-11,Chelsea,Sevilla,5,0,Semi-Final
2019,2019-11-14,Atletico Madrid,Paris Saint-Germain,2,2,Group Stage
2019,2019-10-14,Paris Saint-Germain,Real Madrid,3,0,Group Stage
2019,2019-11-04,Juventus,Real Madrid,1,1,Semi-Final
2019,2020-03-04,Juventus,Real Madrid,4,1,Group Stage
2019,2020-05-05,Manchester City,Napoli,0,4,Group Stage
2019,2019-09-24,Liverpool,Porto,5,5,Group Stage
2019,2019-10-06,Paris Saint-Germain,AC Milan,5,3,Group Stage
2019,2019-12-10,Porto,Manchester City,3,1,Group Stage
2019,2020-01-23,Porto,Juventus,4,5,Group Stage
2019,2020-05-02,Sevilla,Bayern Munich,5,1,Group Stage
2019,2019-12-19,Liverpool,Manchester City,0,5,Group Stage
2019,2019-09-07,Lyon,Arsenal,4,1,Group Stage
2019,2019-12-08,Tottenham,Barcelona,4,1,Final
2019,2019-11-04,Benfica,Chelsea,4,3,Group Stage
2019,2020-01-11,Real Madrid,Inter Milan,1,4,Semi-Final
2020,2020-11-01,Porto,Manchester City,3,0,Round of 16
2020,2020-10-30,Manchester City,Juventus,4,0,Group Stage
2020,2020-11-27,Real Madrid,Benfica,3,2,Group Stage
2020,2021-03-08,Borussia Dortmund,Manchester City,5,1,Group Stage
2020,2020-10-06,Paris Saint-Germain,Ajax,3,5,Group Stage
2020,2021-05-08,Paris Saint-Germain,Napoli,5,4,Round of 16
2020,2020-12-02,Chelsea,Lyon,3,2,Group Stage
2020,2021-03-22,Manchester City,Lyon,4,4,Group Stage
2020,2020-12-20,Chelsea,Liverpool,3,5,Group Stage
2020,2021-04-11,Manchester City,Juventus,4,4,Group Stage
2020,2021-04-18,Paris Saint-Germain,Juventus,3,1,Group Stage
2020,2021-03-17,Borussia Dortmund,AC Milan,4,2,Group Stage
2020,2020-10-13,Chelsea,Lyon,5,0,Semi-Final
2020,2021-04-11,Ajax,Lyon,3,2,Group Stage
2020,2020-09-03,Bayern Munich,Barcelona,1,2,Group Stage
2020,2021-03-09,Ajax,Sevilla,0,1,Group Stage
2020,2021-02-26,Manchester City,Bayern Munich,2,1,Group Stage
2020,2020-12-28,Inter Milan,Real Madrid,1,2,Group Stage
2020,2021-02-23,Tottenham,Atletico Madrid,1,4,Group Stage
2020,2021-01-10,Bayern Munich,Manchester City,0,2,Group Stage
2020,2020-10-22,Real Madrid,Napoli,3,0,Group Stage
2020,2020-12-27,Chelsea,AC Milan,0,5,Final
2020,2021-01-08,Paris Saint-Germain,Atletico Madrid,2,2,Group Stage
2020,2021-03-24,Liverpool,Ajax,4,2,Quarter-Final
2020,2020-09-13,Ajax,Bayern Munich,5,5,Group Stage
2020,2020-10-05,Arsenal,Paris Saint-Germain,2,1,Group Stage
2020,2021-02-17,AC Milan,Inter Milan,4,4,Group Stage
2020,2021-03-29,Atletico Madrid,Lyon,4,3,Group Stage
2020,2021-04-17,Manchester City,Liverpool,3,0,Round of 16
2020,2021-04-23,Porto,Chelsea,3,1,Round of 16
2020,2020-10-03,Bayern Munich,Ajax,3,4,Group Stage
2020,2020-10-02,Real Madrid,Napoli,2,5,Group Stage
2020,2021-03-06,Juventus,Barcelona,5,3,Round of 16
2020,2020-10-30,Barcelona,Benfica,0,1,Group Stage
2020,2021-04-15,Chelsea,Lyon,1,1,Group Stage
2020,2020-10-04,Benfica,Napoli,3,4,Round of 16
2020,2020-09-21,Paris Saint-Germain,Atletico Madrid,4,0,Group Stage
2020,2020-11-12,Liverpool,Borussia Dortmund,2,0,Group Stage
2020,2020-09-15,Sevilla,Juventus,3,3,Quarter-Final
2020,2021-01-11,Arsenal,Sevilla,0,4,Group Stage
2020,2021-01-29,Chelsea,Real Madrid,0,1,Group Stage
2020,2021-03-06,Barcelona,Porto,5,0,Round of 16
2020,2020-12-28,Bayern Munich,Juventus,3,2,Group Stage
2020,2020-12-15,Manchester City,Inter Milan,3,0,Group Stage
2020,2021-03-06,Arsenal,Real Madrid,2,2,Group Stage
2020,2020-12-14,Benfica,Sevilla,3,4,Group Stage
2020,2020-12-07,Paris Saint-Germain,Barcelona,2,2,Group Stage
2020,2020-12-16,Paris Saint-Germain,Borussia Dortmund,3,0,Group Stage
2020,2021-01-10,Atletico Madrid,Chelsea,0,1,Group Stage
2020,2020-12-07,Bayern Munich,Atletico Madrid,1,2,Group Stage
2020,2021-02-03,Liverpool,Atletico Madrid,2,1,Final
2020,2021-05-06,Liverpool,AC Milan,3,5,Group Stage
2020,2020-10-10,Porto,Inter Milan,0,4,Round of 16
2020,2021-03-22,Chelsea,Porto,3,4,Group Stage
2020,2020-09-27,Napoli,Tottenham,4,3,Group Stage
2020,2021-01-22,Arsenal,Sevilla,4,5,Group Stage
2020,2021-03-12,Napoli,Manchester City,0,1,Group Stage
2020,2021-04-04,Atletico Madrid,Tottenham,3,2,Final
2020,2021-01-27,Bayern Munich,Juventus,1,0,Group Stage
2020,2021-05-06,Borussia Dortmund,Lyon,5,4,Group Stage
2021,2021-11-13,Borussia Dortmund,Manchester City,1,4,Group Stage
2021,2021-10-19,Sevilla,Chelsea,2,4,Group Stage
2021,2022-04-12,Juventus,Real Madrid,4,0,Group Stage
2021,2021-12-15,Atletico Madrid,Ajax,4,3,Round of 16
2021,2022-03-22,Manchester City,Bayern Munich,0,1,Group Stage
2021,2021-11-23,Juventus,Barcelona,1,1,Quarter-Final
2021,2021-11-15,Benfica,Ajax,1,4,Group Stage
2021,2021-11-11,Chelsea,Inter Milan,1,4,Group Stage
2021,2022-01-05,Chelsea,Porto,4,4,Quarter-Final
2021,2021-09-27,Inter Milan,Ajax,2,5,Round of 16
2021,2022-03-20,Liverpool,Juventus,3,0,Group Stage
2021,2022-01-12,Borussia Dortmund,Tottenham,1,0,Group Stage
2021,2022-02-04,Ajax,Chelsea,5,0,Group Stage
2021,2021-12-11,Ajax,Tottenham,5,4,Group Stage
2021,2021-09-03,Real Madrid,Lyon,0,5,Group Stage
2021,2022-03-31,Bayern Munich,Chelsea,1,3,Final
2021,2022-03-30,Liverpool,Tottenham,2,5,Group Stage
2021,2022-02-18,Arsenal,Borussia Dortmund,2,4,Group Stage
2021,2021-11-12,Atletico Madrid,Chelsea,5,1,Semi-Final
2021,2021-11-13,Chelsea,Arsenal,0,4,Group Stage
2021,2021-10-15,Tottenham,Liverpool,1,4,Group Stage
2021,2022-01-09,Chelsea,Atletico Madrid,0,1,Round of 16
2021,2021-10-12,Napoli,Chelsea,2,5,Group Stage
2021,2021-10-16,Atletico Madrid,AC Milan,2,3,Final
2021,2022-02-26,Liverpool,Arsenal,2,4,Round of 16
2021,2022-04-23,Inter Milan,Sevilla,4,5,Group Stage
2021,2022-01-25,Inter Milan,Arsenal,1,2,Group Stage
2021,2021-09-29,AC Milan,Real Madrid,0,1,Group Stage
2021,2021-10-11,Inter Milan,Chelsea,4,1,Group Stage
2021,2021-11-29,Napoli,Real Madrid,1,0,Group Stage
2021,2021-12-02,Chelsea,Borussia Dortmund,0,4,Group Stage
2021,2021-10-09,Inter Milan,Napoli,1,2,Semi-Final
2021,2021-09-26,Tottenham,Napoli,0,0,Group Stage
2021,2022-03-22,AC Milan,Atletico Madrid,5,2,Group Stage
2021,2022-04-17,Tottenham,Arsenal,0,1,Group Stage
2021,2022-03-02,Sevilla,Napoli,5,0,Group Stage
2021,2021-12-03,Napoli,Benfica,4,4,Group Stage
2021,2021-11-17,Porto,Benfica,2,4,Group Stage
2021,2022-02-05,Napoli,Sevilla,2,1,Round of 16
2021,2022-03-02,Bayern Munich,Chelsea,3,4,Round of 16
2021,2021-12-30,Borussia Dortmund,Bayern Munich,2,0,Round of 16
2021,2021-09-28,Porto,Liverpool,4,1,Group Stage
2021,2021-10-12,Chelsea,Napoli,3,2,Group Stage
2021,2021-11-18,Napoli,Atletico Madrid,2,2,Group Stage
2021,2021-12-28,AC Milan,Bayern Munich,3,5,Final
2021,2021-09-16,Inter Milan,Liverpool,4,0,Group Stage
2021,2022-04-14,Tottenham,Chelsea,2,1,Group Stage
2021,2022-02-25,Barcelona,Lyon,3,2,Semi-Final
2021,2022-02-11,Benfica,Sevilla,0,1,Group Stage
2021,2022-05-02,Inter Milan,Ajax,2,5,Round of 16
2021,2022-01-18,Paris Saint-Germain,Ajax,2,1,Group Stage
2021,2022-03-25,Juventus,Porto,5,2,Group Stage
2021,2021-11-28,Benfica,Sevilla,4,4,Round of 16
2021,2021-10-05,Juventus,Liverpool,0,3,Group Stage
2021,2021-12-23,AC Milan,Chelsea,4,5,Group Stage
2021,2021-09-23,Tottenham,Real Madrid,3,4,Group Stage
2021,2021-12-18,Manchester City,Ajax,5,3,Semi-Final
2021,2021-11-01,Lyon,Porto,0,4,Group Stage
2021,2021-09-12,Manchester City,Borussia Dortmund,0,1,Group Stage
2021,2021-12-04,Chelsea,Paris Saint-Germain,3,1,Group Stage
2022,2023-05-08,Paris Saint-Germain,Ajax,2,3,Group Stage
2022,2023-03-17,Juventus,Borussia Dortmund,3,0,Group Stage
2022,2023-01-17,Ajax,Barcelona,2,4,Semi-Final
2022,2022-10-06,Tottenham,Benfica,1,5,Group Stage
2022,2023-02-15,Sevilla,Arsenal,5,0,Group Stage
2022,2022-12-18,Liverpool,Ajax,0,4,Group Stage
2022,2022-10-24,Sevilla,Borussia Dortmund,5,2,Round of 16
2022,2022-09-26,Bayern Munich,Sevilla,0,0,Group Stage
2022,2022-11-01,Barcelona,Ajax,0,5,Group Stage
2022,2023-04-26,Tottenham,Porto,2,5,Group Stage
2022,2023-01-23,Lyon,Liverpool,5,4,Quarter-Final
2022,2023-02-05,Porto,Liverpool,3,1,Group Stage
2022,2022-09-27,Arsenal,Tottenham,1,3,Group Stage
2022,2022-09-20,Benfica,Paris Saint-Germain,0,3,Group Stage
2022,2023-04-15,Atletico Madrid,Tottenham,1,1,Quarter-Final
2022,2023-02-03,Atletico Madrid,Napoli,0,0,Quarter-Final
2022,2022-09-12,Tottenham,Bayern Munich,5,3,Group Stage
2022,2023-03-18,Ajax,AC Milan,0,0,Group Stage
2022,2022-11-01,Bayern Munich,Paris Saint-Germain,3,4,Group Stage
2022,2023-05-02,Benfica,Porto,4,2,Quarter-Final
2022,2022-12-29,Atletico Madrid,Barcelona,4,4,Group Stage
2022,2022-12-07,Borussia Dortmund,Benfica,1,4,Round of 16
2022,2023-03-28,Barcelona,Borussia Dortmund,2,2,Round of 16
2022,2022-12-07,Borussia Dortmund,Porto,0,2,Group Stage
2022,2023-01-27,Inter Milan,Ajax,4,1,Round of 16
2022,2022-12-24,Ajax,Inter Milan,4,0,Group Stage
2022,2022-11-25,Lyon,Atletico Madrid,5,1,Group Stage
2022,2023-01-10,Liverpool,Benfica,0,2,Group Stage
2022,2022-10-24,Porto,Liverpool,4,0,Group Stage
2022,2022-10-03,Juventus,Atletico Madrid,4,1,Group Stage
2022,2023-03-30,Real Madrid,Borussia Dortmund,3,4,Group Stage
2022,2023-01-19,Sevilla,Bayern Munich,4,5,Quarter-Final
2022,2022-11-15,Borussia Dortmund,Atletico Madrid,0,2,Quarter-Final
2022,2023-04-13,Napoli,Barcelona,5,3,Group Stage
2022,2022-10-05,Napoli,Porto,2,3,Quarter-Final
2022,2022-10-17,Borussia Dortmund,AC Milan,5,4,Group Stage
2022,2023-01-21,Bayern Munich,AC Milan,1,2,Round of 16
2022,2022-12-24,Barcelona,Sevilla,1,2,Group Stage
2022,2023-05-09,Lyon,Liverpool,5,5,Group Stage
2022,2023-04-11,Chelsea,Paris Saint-Germain,0,1,Group Stage
2022,2022-10-22,Arsenal,Lyon,3,2,Group Stage
2022,2022-12-11,Tottenham,Barcelona,0,1,Semi-Final
2022,2023-04-22,Atletico Madrid,Liverpool,0,0,Group Stage
2022,2022-10-25,Tottenham,Benfica,1,4,Group Stage
2022,2022-11-06,Real Madrid,Paris Saint-Germain,2,1,Group Stage
2022,2023-04-21,Atletico Madrid,Sevilla,1,3,Round of 16
2022,2023-01-07,Ajax,AC Milan,2,4,Group Stage
2022,2023-02-07,Chelsea,Benfica,4,5,Group Stage
2022,2023-04-11,Manchester City,Inter Milan,2,5,Round of 16
2022,2022-10-24,Paris Saint-Germain,Real Madrid,4,3,Quarter-Final
2022,2023-03-18,Ajax,Atletico Madrid,3,1,Quarter-Final
2022,2023-05-06,Bayern Munich,Atletico Madrid,3,0,Group Stage
2022,2022-09-18,Porto,Benfica,2,0,Group Stage
2022,2023-04-26,Napoli,Arsenal,0,2,Group Stage
2022,2023-03-22,Borussia Dortmund,Barcelona,5,4,Quarter-Final
2022,2022-11-15,Borussia Dortmund,Manchester City,3,2,Group Stage
2022,2022-10-29,Ajax,Juventus,4,0,Group Stage
2022,2023-02-24,Liverpool,Porto,0,1,Group Stage
2022,2022-11-25,Lyon,Inter Milan,2,4,Group Stage
2022,2022-11-03,Chelsea,Juventus,2,0,Group Stage
2023,2024-01-08,Chelsea,Ajax,4,5,Group Stage
2023,2024-02-26,Atletico Madrid,Liverpool,3,4,Group Stage
2023,2023-10-12,Chelsea,AC Milan,5,0,Group Stage
2023,2024-03-02,Paris Saint-Germain,Real Madrid,5,1,Group Stage
2023,2023-09-12,Paris Saint-Germain,Porto,0,2,Group Stage
2023,2024-03-04,Bayern Munich,Napoli,3,5,Group Stage
2023,2023-09-17,Lyon,Juventus,5,4,Group Stage
2023,2024-01-03,Porto,Lyon,0,3,Semi-Final
2023,2023-12-14,Benfica,Liverpool,4,5,Round of 16
2023,2024-04-25,Tottenham,Napoli,1,4,Round of 16
2023,2024-03-02,Porto,Sevilla,3,2,Round of 16
2023,2023-12-01,Atletico Madrid,Chelsea,1,3,Group Stage
2023,2024-03-19,Napoli,Arsenal,4,1,Group Stage
2023,2024-04-07,Barcelona,Sevilla,5,2,Group Stage
2023,2024-04-17,Tottenham,Lyon,4,3,Group Stage
2023,2024-03-01,Benfica,Inter Milan,4,1,Group Stage
2023,2024-04-19,Tottenham,Juventus,2,2,Group Stage
2023,2023-10-21,Benfica,Bayern Munich,0,5,Group Stage
2023,2024-04-17,Real Madrid,Lyon,2,5,Group Stage
2023,2023-11-26,Porto,Chelsea,5,4,Group Stage
2023,2023-11-18,Liverpool,Lyon,5,2,Group Stage
2023,2023-10-11,Tottenham,Lyon,1,3,Group Stage
2023,2023-12-08,Borussia Dortmund,Manchester City,1,5,Group Stage
2023,2023-11-01,Atletico Madrid,Barcelona,4,5,Group Stage
2023,2024-02-19,Liverpool,Real Madrid,4,2,Group Stage
2023,2023-09-22,Real Madrid,Porto,3,5,Round of 16
2023,2023-12-22,Bayern Munich,Manchester City,0,5,Group Stage
2023,2023-10-26,Porto,Bayern Munich,3,4,Round of 16
2023,2024-01-04,Benfica,Sevilla,5,5,Round of 16
2023,2023-10-30,Inter Milan,Lyon,4,1,Quarter-Final
2023,2023-10-25,Manchester City,Paris Saint-Germain,5,3,Group Stage
2023,2024-02-03,Borussia Dortmund,Bayern Munich,1,5,Group Stage
2023,2024-01-07,Chelsea,Benfica,0,2,Final
2023,2024-03-25,Chelsea,Paris Saint-Germain,4,3,Group Stage
2023,2023-10-19,Lyon,Napoli,1,4,Group Stage
2023,2023-10-20,Sevilla,Atletico Madrid,1,3,Group Stage
2023,2024-04-06,Borussia Dortmund,Liverpool,2,1,Round of 16
2023,2024-01-05,Benfica,Ajax,1,1,Round of 16
2023,2023-11-26,Benfica,Manchester City,5,0,Group Stage
2023,2024-03-13,Paris Saint-Germain,Barcelona,5,3,Semi-Final
2023,2024-03-26,Inter Milan,Ajax,1,3,Group Stage
2023,2023-10-06,Juventus,Atletico Madrid,2,1,Round of 16
2023,2023-10-17,Benfica,Barcelona,2,4,Group Stage
2023,2024-01-14,Bayern Munich,AC Milan,1,0,Group Stage
2023,2024-04-18,Napoli,Barcelona,5,2,Group Stage
2023,2023-09-26,Bayern Munich,Liverpool,1,5,Group Stage
2023,2024-03-01,Atletico Madrid,Tottenham,2,5,Group Stage
2023,2024-05-03,Real Madrid,Porto,0,3,Group Stage
2023,2023-09-13,Porto,Paris Saint-Germain,0,4,Group Stage
2023,2024-01-22,Lyon,Paris Saint-Germain,0,2,Group Stage
2023,2023-12-27,AC Milan,Manchester City,3,5,Group Stage
2023,2024-02-19,Tottenham,Chelsea,5,2,Group Stage
2023,2024-04-27,Juventus,Atletico Madrid,1,2,Round of 16
2023,2023-09-26,Liverpool,Borussia Dortmund,3,5,Quarter-Final
2023,2024-03-05,Sevilla,Real Madrid,3,2,Quarter-Final
2023,2023-10-29,Sevilla,Ajax,3,2,Group Stage
2023,2023-10-02,Tottenham,Liverpool,5,5,Semi-Final
2023,2024-02-14,Atletico Madrid,Bayern Munich,3,1,Quarter-Final
2023,2023-11-12,Sevilla,Barcelona,4,2,Round of 16
2023,2023-09-28,Napoli,Real Madrid,1,1,Round of 16
2024,2024-12-08,Ajax,Lyon,2,4,Round of 16
2024,2024-10-13,Chelsea,Ajax,1,1,Group Stage
2024,2024-12-25,Napoli,Atletico Madrid,1,0,Group Stage
2024,2025-02-16,Inter Milan,Atletico Madrid,4,4,Group Stage
2024,2024-11-04,Bayern Munich,Chelsea,1,4,Group Stage
2024,2025-02-02,Porto,Napoli,2,0,Group Stage
2024,2025-04-28,Bayern Munich,Inter Milan,2,4,Group Stage
2024,2025-01-17,Benfica,Liverpool,5,4,Group Stage
2024,2024-09-24,Bayern Munich,Tottenham,0,3,Round of 16
2024,2024-12-07,Napoli,Arsenal,5,2,Group Stage
2024,2024-11-15,Tottenham,Napoli,3,2,Quarter-Final
2024,2024-10-14,Arsenal,Sevilla,0,3,Group Stage
2024,2024-10-20,Barcelona,Benfica,5,5,Group Stage
2024,2025-02-19,Atletico Madrid,Napoli,1,5,Quarter-Final
2024,2024-09-18,Benfica,Real Madrid,4,4,Round of 16
2024,2024-11-11,Bayern Munich,Juventus,2,2,Group Stage
2024,2025-03-05,AC Milan,Tottenham,0,4,Round of 16
2024,2025-05-03,Benfica,Real Madrid,1,1,Group Stage
2024,2025-01-04,Benfica,Barcelona,0,4,Group Stage
2024,2024-10-05,Sevilla,Lyon,0,1,Semi-Final
2024,2025-03-30,Paris Saint-Germain,Porto,1,5,Round of 16
2024,2025-01-12,Real Madrid,Chelsea,0,2,Group Stage
2024,2024-09-20,Ajax,Barcelona,3,0,Group Stage
2024,2024-12-18,Manchester City,Chelsea,0,4,Group Stage
2024,2025-01-16,Manchester City,Borussia Dortmund,1,4,Group Stage
2024,2024-11-13,Liverpool,Porto,5,5,Group Stage
2024,2024-11-19,Juventus,Liverpool,1,0,Group Stage
2024,2025-04-07,Manchester City,Real Madrid,1,5,Group Stage
2024,2025-02-28,Liverpool,Porto,0,4,Group Stage
2024,2025-04-26,Real Madrid,Napoli,2,3,Group Stage
2024,2024-10-30,Liverpool,Borussia Dortmund,4,3,Group Stage
2024,2024-10-12,Paris Saint-Germain,Porto,1,5,Round of 16
2024,2025-01-18,Sevilla,Chelsea,5,5,Group Stage
2024,2024-10-28,Real Madrid,Tottenham,0,5,Round of 16
2024,2025-01-04,Ajax,Liverpool,2,2,Group Stage
2024,2024-09-04,Manchester City,Barcelona,1,4,Quarter-Final
2024,2025-03-10,Atletico Madrid,Sevilla,5,2,Group Stage
2024,2024-10-10,Real Madrid,Juventus,1,3,Quarter-Final
2024,2024-10-30,Barcelona,Arsenal,4,4,Semi-Final
2024,2024-12-30,Paris Saint-Germain,AC Milan,3,2,Group Stage
2024,2024-10-15,Paris Saint-Germain,Arsenal,4,1,Round of 16
2024,2025-01-29,Benfica,Borussia Dortmund,4,3,Group Stage
2024,2025-02-12,Lyon,Real Madrid,3,5,Round of 16
2024,2024-12-18,Juventus,Chelsea,4,4,Group Stage
2024,2025-03-05,Porto,Real Madrid,4,2,Group Stage
2024,2024-10-24,Benfica,Lyon,5,0,Group Stage
2024,2025-03-12,Ajax,AC Milan,1,5,Semi-Final
2024,2025-03-08,Sevilla,AC Milan,2,0,Round of 16
2024,2024-12-25,AC Milan,Ajax,4,2,Round of 16
2024,2024-11-05,Sevilla,Juventus,3,2,Group Stage
2024,2024-09-11,Arsenal,Benfica,2,2,Group Stage
2024,2025-03-26,Paris Saint-Germain,Lyon,3,0,Semi-Final
2024,2024-10-08,Atletico Madrid,Barcelona,3,4,Group Stage
2024,2025-02-15,AC Milan,Benfica,4,0,Group Stage
2024,2025-01-24,Benfica,Manchester City,5,0,Group Stage
2024,2024-10-07,Real Madrid,Paris Saint-Germain,5,1,Group Stage
2024,2024-11-09,Paris Saint-Germain,Real Madrid,5,0,Group Stage
2024,2025-04-16,Sevilla,Inter Milan,2,5,Round of 16
2024,2024-10-16,Sevilla,Napoli,4,2,Group Stage
2024,2025-03-19,Juventus,Barcelona,1,1,Round of 16
